time,value,interval_20s,ID,estado
0.701168614,57.65276235,"[0,20]",1,immobilized
2.203672788,57.37143711,"[0,20]",1,immobilized
3.739565943,56.54850888,"[0,20]",1,immobilized
5.141903172,55.97494443,"[0,20]",1,immobilized
6.444073456,54.15224524,"[0,20]",1,immobilized
7.679465776,54.50900816,"[0,20]",1,immobilized
9.248747913,56.63622442,"[0,20]",1,immobilized
11.0851419,59.31931977,"[0,20]",1,immobilized
12.32053422,60.70120836,"[0,20]",1,immobilized
14.3572621,63.38731031,"[0,20]",1,immobilized
16.66110184,63.41012847,"[0,20]",1,immobilized
18.03005008,59.03332834,"[0,20]",1,immobilized
19.59933222,56.43085391,"[0,20]",1,immobilized
21.16861436,56.24652057,"(20,40]",1,immobilized
22.50417362,58.02603811,"(20,40]",1,immobilized
24.14023372,58.58949778,"(20,40]",1,immobilized
25.70951586,58.45193077,"(20,40]",1,immobilized
27.17863105,57.83723018,"(20,40]",1,immobilized
28.81469115,58.59146943,"(20,40]",1,immobilized
30.41736227,58.87123228,"(20,40]",1,immobilized
32.05342237,59.21508536,"(20,40]",1,immobilized
33.58931553,59.1073298,"(20,40]",1,immobilized
35.02504174,58.51641533,"(20,40]",1,immobilized
36.46076795,57.30770795,"(20,40]",1,immobilized
37.82971619,56.02178024,"(20,40]",1,immobilized
39.36560935,58.29909469,"(20,40]",1,immobilized
40.86811352,59.16789659,"(40,60]",1,immobilized
42.27045075,59.93893157,"(40,60]",1,immobilized
43.77295492,61.00488539,"(40,60]",1,immobilized
45.44240401,61.8408645,"(40,60]",1,immobilized
47.17863105,60.54878278,"(40,60]",1,immobilized
48.68113523,59.32541922,"(40,60]",1,immobilized
50.11686144,58.29528532,"(40,60]",1,immobilized
51.58597663,58.47905377,"(40,60]",1,immobilized
52.88814691,58.38469162,"(40,60]",1,immobilized
54.1903172,58.15489878,"(40,60]",1,immobilized
55.8263773,58.81552487,"(40,60]",1,immobilized
57.29549249,58.81890798,"(40,60]",1,immobilized
58.96494157,60.77735176,"(40,60]",1,immobilized
61.00166945,64.85157375,"(60,80]",1,immobilized
64.04006678,66.58702822,"(60,80]",1,immobilized
65.60934891,64.25622859,"(60,80]",1,immobilized
67.04507513,61.56695979,"(60,80]",1,immobilized
68.48080134,60.32746743,"(60,80]",1,immobilized
69.94991653,58.7844624,"(60,80]",1,immobilized
71.58597663,58.2617327,"(60,80]",1,immobilized
73.15525876,58.03205227,"(60,80]",1,immobilized
74.62437396,59.10945211,"(60,80]",1,immobilized
75.9933222,60.08855639,"(60,80]",1,immobilized
77.52921536,61.83753187,"(60,80]",1,immobilized
79.06510851,62.13118951,"(60,80]",1,immobilized
1.168614357,70.58586703,"[0,20]",2,immobilized
3.639398998,70.10510262,"[0,20]",2,immobilized
6.076794658,70.76469795,"[0,20]",2,immobilized
8.547579299,71.33876468,"[0,20]",2,immobilized
11.05175292,69.1905921,"[0,20]",2,immobilized
13.68948247,72.14682189,"[0,20]",2,immobilized
16.26043406,71.56285551,"[0,20]",2,immobilized
18.79799666,72.23877035,"[0,20]",2,immobilized
21.33555927,72.07885254,"(20,40]",2,immobilized
23.87312187,72.16195502,"(20,40]",2,immobilized
26.41068447,71.8931346,"(20,40]",2,immobilized
28.98163606,71.85585074,"(20,40]",2,immobilized
31.48580968,71.75765007,"(20,40]",2,immobilized
34.09015025,71.73488582,"(20,40]",2,immobilized
36.76126878,73.10563658,"(20,40]",2,immobilized
39.39899833,72.73445004,"(20,40]",2,immobilized
41.93656093,71.64401369,"(40,60]",2,immobilized
44.47412354,71.99917435,"(40,60]",2,immobilized
47.01168614,73.2137383,"(40,60]",2,immobilized
49.51585977,71.19221616,"(40,60]",2,immobilized
52.05342237,71.38667386,"(40,60]",2,immobilized
54.69115192,71.53452244,"(40,60]",2,immobilized
57.36227045,71.49209825,"(40,60]",2,immobilized
60,73.79597105,"(40,60]",2,immobilized
62.33722871,72.30110855,"(60,80]",2,immobilized
65.17529215,73.47906553,"(60,80]",2,immobilized
67.87979967,73.55733883,"(60,80]",2,immobilized
70.58430718,74.07202649,"(60,80]",2,immobilized
73.25542571,73.86621679,"(60,80]",2,immobilized
75.85976628,73.68793617,"(60,80]",2,immobilized
78.43071786,73.41788286,"(60,80]",2,immobilized
1.001669449,68.23351331,"[0,20]",3,immobilized
2.838063439,68.07997674,"[0,20]",3,immobilized
4.607679466,67.8809329,"[0,20]",3,immobilized
6.410684474,68.24944408,"[0,20]",3,immobilized
8.180300501,68.94983958,"[0,20]",3,immobilized
10.05008347,68.29890628,"[0,20]",3,immobilized
11.8196995,67.64915599,"[0,20]",3,immobilized
13.62270451,66.56007336,"[0,20]",3,immobilized
15.42570952,68.06915309,"[0,20]",3,immobilized
17.29549249,68.08908579,"[0,20]",3,immobilized
19.13188648,68.026058,"[0,20]",3,immobilized
21.00166945,67.1694739,"(20,40]",3,immobilized
22.87145242,67.44452644,"(20,40]",3,immobilized
24.74123539,65.97137385,"(20,40]",3,immobilized
26.61101836,64.8590616,"(20,40]",3,immobilized
28.5475793,63.14425041,"(20,40]",3,immobilized
30.41736227,65.08049928,"(20,40]",3,immobilized
32.32053422,67.62628219,"(20,40]",3,immobilized
34.22370618,70.63639963,"(20,40]",3,immobilized
36.19365609,69.8563975,"(20,40]",3,immobilized
38.09682805,70.96939204,"(20,40]",3,immobilized
40,70.00063352,"(20,40]",3,immobilized
41.86978297,70.53998637,"(40,60]",3,immobilized
43.80634391,69.89554046,"(40,60]",3,immobilized
45.70951586,70.3233309,"(40,60]",3,immobilized
47.61268781,67.82411618,"(40,60]",3,immobilized
49.41569282,66.57373543,"(40,60]",3,immobilized
51.25208681,64.95063278,"(40,60]",3,immobilized
53.0884808,65.40780117,"(40,60]",3,immobilized
54.95826377,61.87717031,"(40,60]",3,immobilized
56.79465776,61.53036578,"(40,60]",3,immobilized
58.66444073,62.84850135,"(40,60]",3,immobilized
60.46744574,67.74616735,"(60,80]",3,immobilized
62.40400668,67.51010348,"(60,80]",3,immobilized
64.27378965,67.49685684,"(60,80]",3,immobilized
66.1769616,66.87169385,"(60,80]",3,immobilized
68.04674457,67.96212287,"(60,80]",3,immobilized
69.98330551,65.09321163,"(60,80]",3,immobilized
71.85308848,66.16671441,"(60,80]",3,immobilized
73.72287145,66.77303305,"(60,80]",3,immobilized
75.65943239,69.0262613,"(60,80]",3,immobilized
77.56260434,69.05009532,"(60,80]",3,immobilized
79.46577629,70.14090641,"(60,80]",3,immobilized
0.267111853,65.41242766,"[0,20]",5,immobilized
3.338898164,64.49203362,"[0,20]",5,immobilized
6.377295492,65.11698081,"[0,20]",5,immobilized
9.38230384,63.90320613,"[0,20]",5,immobilized
12.35392321,62.77253237,"[0,20]",5,immobilized
15.32554257,62.26971628,"[0,20]",5,immobilized
18.39732888,61.7401421,"[0,20]",5,immobilized
21.43572621,61.7325294,"(20,40]",5,immobilized
24.40734558,61.21996452,"(20,40]",5,immobilized
27.34557596,60.7331979,"(20,40]",5,immobilized
30.35058431,60.65283881,"(20,40]",5,immobilized
33.28881469,59.57849255,"(20,40]",5,immobilized
36.16026711,59.06081283,"(20,40]",5,immobilized
39.13188648,58.70574996,"(20,40]",5,immobilized
42.03672788,59.09596908,"(40,60]",5,immobilized
44.9081803,59.11033746,"(40,60]",5,immobilized
47.71285476,60.44186533,"(40,60]",5,immobilized
50.61769616,62.19657075,"(40,60]",5,immobilized
53.4557596,62.62365754,"(40,60]",5,immobilized
56.29382304,62.55690401,"(40,60]",5,immobilized
59.0984975,61.64543068,"(40,60]",5,immobilized
61.93656093,61.53995865,"(60,80]",5,immobilized
64.80801336,61.48984721,"(60,80]",5,immobilized
67.64607679,61.38666007,"(60,80]",5,immobilized
70.51752922,61.06730025,"(60,80]",5,immobilized
73.42237062,61.14268992,"(60,80]",5,immobilized
76.26043406,61.20217478,"(60,80]",5,immobilized
79.0984975,61.26763715,"(60,80]",5,immobilized
0.100166945,68.74901093,"[0,20]",6,immobilized
1.869782972,70.49907393,"[0,20]",6,immobilized
3.739565943,71.17771731,"[0,20]",6,immobilized
5.609348915,70.52395772,"[0,20]",6,immobilized
7.445742905,70.319863,"[0,20]",6,immobilized
9.315525876,71.44555692,"[0,20]",6,immobilized
11.15191987,70.21918724,"[0,20]",6,immobilized
12.98831386,69.83600213,"[0,20]",6,immobilized
14.79131886,69.17767536,"[0,20]",6,immobilized
16.66110184,69.27362632,"[0,20]",6,immobilized
18.53088481,69.1087375,"[0,20]",6,immobilized
20.30050083,68.9571934,"(20,40]",6,immobilized
22.13689482,69.34924175,"(20,40]",6,immobilized
23.93989983,70.35560983,"(20,40]",6,immobilized
25.8096828,71.39360543,"(20,40]",6,immobilized
27.64607679,71.38409409,"(20,40]",6,immobilized
29.58263773,71.75078807,"(20,40]",6,immobilized
31.51919866,70.92006977,"(20,40]",6,immobilized
33.4557596,70.37186523,"(20,40]",6,immobilized
35.39232053,68.86310078,"(20,40]",6,immobilized
37.26210351,67.38118997,"(20,40]",6,immobilized
39.16527546,66.51116672,"(20,40]",6,immobilized
41.03505843,66.68744574,"(40,60]",6,immobilized
42.87145242,66.1880744,"(40,60]",6,immobilized
44.74123539,66.08297461,"(40,60]",6,immobilized
46.61101836,66.05257278,"(40,60]",6,immobilized
48.44741235,66.57596025,"(40,60]",6,immobilized
50.31719533,66.31723495,"(40,60]",6,immobilized
52.1869783,66.62034493,"(40,60]",6,immobilized
54.09015025,67.02974263,"(40,60]",6,immobilized
56.02671119,67.85829962,"(40,60]",6,immobilized
57.72954925,69.64676978,"(40,60]",6,immobilized
59.86644407,70.90068642,"(40,60]",6,immobilized
61.70283806,69.64967166,"(60,80]",6,immobilized
63.57262104,70.02842142,"(60,80]",6,immobilized
65.47579299,69.73579077,"(60,80]",6,immobilized
67.34557596,69.90078677,"(60,80]",6,immobilized
69.18196995,70.07203935,"(60,80]",6,immobilized
71.01836394,69.50521563,"(60,80]",6,immobilized
72.85475793,69.80927596,"(60,80]",6,immobilized
74.7245409,70.575336,"(60,80]",6,immobilized
76.62771285,70.17442402,"(60,80]",6,immobilized
78.56427379,68.86821746,"(60,80]",6,immobilized
1.502504174,72.35915742,"[0,20]",7,immobilized
3.2721202,72.58616448,"[0,20]",7,immobilized
5.008347245,67.1571979,"[0,20]",7,immobilized
6.74457429,64.82775809,"[0,20]",7,immobilized
8.414023372,64.67302572,"[0,20]",7,immobilized
10.11686144,73.45429145,"[0,20]",7,immobilized
11.95325543,79.93417241,"[0,20]",7,immobilized
13.68948247,88.19130285,"[0,20]",7,immobilized
15.35893155,90.80869662,"[0,20]",7,immobilized
17.02838063,91.74297928,"[0,20]",7,immobilized
18.76460768,86.2070078,"[0,20]",7,immobilized
20.43405676,81.56893127,"(20,40]",7,immobilized
22.10350584,72.52068036,"(20,40]",7,immobilized
23.73956594,78.64827153,"(20,40]",7,immobilized
25.44240401,80.40037681,"(20,40]",7,immobilized
27.01168614,73.91032067,"(20,40]",7,immobilized
28.58096828,70.12562549,"(20,40]",7,immobilized
30.15025042,69.0964067,"(20,40]",7,immobilized
31.71953255,66.51453663,"(20,40]",7,immobilized
33.32220367,65.57106683,"(20,40]",7,immobilized
34.85809683,63.00113333,"(20,40]",7,immobilized
36.46076795,65.09060546,"(20,40]",7,immobilized
38.03005008,65.62323698,"(20,40]",7,immobilized
39.6327212,67.76635496,"(20,40]",7,immobilized
41.23539232,65.03315376,"(40,60]",7,immobilized
42.80467446,63.0303275,"(40,60]",7,immobilized
44.40734558,63.79797758,"(40,60]",7,immobilized
46.14357262,68.71163578,"(40,60]",7,immobilized
47.71285476,68.62551358,"(40,60]",7,immobilized
49.28213689,69.42261183,"(40,60]",7,immobilized
50.95158598,73.7253264,"(40,60]",7,immobilized
52.62103506,75.08607036,"(40,60]",7,immobilized
54.3572621,77.96919214,"(40,60]",7,immobilized
55.92654424,75.93514766,"(40,60]",7,immobilized
57.56260434,78.57396235,"(40,60]",7,immobilized
59.19866444,71.36034846,"(40,60]",7,immobilized
60.76794658,63.01649029,"(60,80]",7,immobilized
62.3706177,69.98818211,"(60,80]",7,immobilized
64.04006678,66.97786773,"(60,80]",7,immobilized
65.54257095,65.50712367,"(60,80]",7,immobilized
67.01168614,62.4580585,"(60,80]",7,immobilized
68.5475793,65.64907393,"(60,80]",7,immobilized
70.01669449,64.35019014,"(60,80]",7,immobilized
71.51919866,63.0697399,"(60,80]",7,immobilized
73.05509182,65.42030245,"(60,80]",7,immobilized
74.59098497,61.93650118,"(60,80]",7,immobilized
76.12687813,58.56915462,"(60,80]",7,immobilized
77.6293823,57.97301173,"(60,80]",7,immobilized
79.23205342,60.25870631,"(60,80]",7,immobilized
1.43572621,57.0579294,"[0,20]",8,immobilized
2.971619366,56.34875869,"[0,20]",8,immobilized
4.507512521,56.19974673,"[0,20]",8,immobilized
6.043405676,55.93916772,"[0,20]",8,immobilized
7.54590985,56.57598907,"[0,20]",8,immobilized
9.048414023,56.63126284,"[0,20]",8,immobilized
10.58430718,56.30704588,"[0,20]",8,immobilized
12.15358932,56.09802659,"[0,20]",8,immobilized
13.68948247,55.59864278,"[0,20]",8,immobilized
15.15859766,55.48749402,"[0,20]",8,immobilized
16.69449082,55.78210758,"[0,20]",8,immobilized
18.16360601,55.48746977,"[0,20]",8,immobilized
19.69949917,55.07453863,"[0,20]",8,immobilized
21.13522538,55.2777902,"(20,40]",8,immobilized
22.70450751,54.9730604,"(20,40]",8,immobilized
24.1736227,54.4493258,"(20,40]",8,immobilized
25.70951586,54.13916922,"(20,40]",8,immobilized
27.21202003,53.96139287,"(20,40]",8,immobilized
28.71452421,53.888799,"(20,40]",8,immobilized
30.21702838,54.06278601,"(20,40]",8,immobilized
31.71953255,53.7341314,"(20,40]",8,immobilized
33.22203673,53.69824924,"(20,40]",8,immobilized
34.75792988,53.44025314,"(20,40]",8,immobilized
36.29382304,53.20512684,"(20,40]",8,immobilized
37.79632721,53.10374473,"(20,40]",8,immobilized
39.29883139,53.54311311,"(20,40]",8,immobilized
40.80133556,53.49402086,"(40,60]",8,immobilized
42.30383973,54.49070951,"(40,60]",8,immobilized
43.77295492,54.65170705,"(40,60]",8,immobilized
45.30884808,54.61337665,"(40,60]",8,immobilized
46.84474124,54.53704931,"(40,60]",8,immobilized
48.34724541,54.25700007,"(40,60]",8,immobilized
49.84974958,53.71689882,"(40,60]",8,immobilized
51.38564274,53.66380446,"(40,60]",8,immobilized
52.88814691,53.43278144,"(40,60]",8,immobilized
54.42404007,53.72031911,"(40,60]",8,immobilized
55.95993322,53.20568036,"(40,60]",8,immobilized
57.4624374,52.63350198,"(40,60]",8,immobilized
58.96494157,52.35156338,"(40,60]",8,immobilized
60.46744574,53.04933756,"(60,80]",8,immobilized
62.0033389,52.54768592,"(60,80]",8,immobilized
63.53923205,52.9264704,"(60,80]",8,immobilized
65.07512521,53.37156668,"(60,80]",8,immobilized
66.57762938,53.17470961,"(60,80]",8,immobilized
68.11352254,53.16905317,"(60,80]",8,immobilized
69.64941569,53.9788627,"(60,80]",8,immobilized
71.21869783,54.52042555,"(60,80]",8,immobilized
72.78797997,53.95874386,"(60,80]",8,immobilized
74.29048414,52.29518764,"(60,80]",8,immobilized
75.79298831,53.10219554,"(60,80]",8,immobilized
77.36227045,53.34078407,"(60,80]",8,immobilized
78.86477462,53.26004951,"(60,80]",8,immobilized
2.003338898,56.23164818,"[0,20]",10,immobilized
4.841402337,58.43711314,"[0,20]",10,immobilized
7.646076795,51.40318318,"[0,20]",10,immobilized
9.649415693,47.50791281,"[0,20]",10,immobilized
11.58597663,46.80768669,"[0,20]",10,immobilized
13.68948247,50.33167113,"[0,20]",10,immobilized
15.79298831,51.45101269,"[0,20]",10,immobilized
18.06343907,51.63385391,"[0,20]",10,immobilized
20.03338898,53.66842682,"(20,40]",10,immobilized
22.43739566,53.09943025,"(20,40]",10,immobilized
24.50751252,53.37562789,"(20,40]",10,immobilized
26.9115192,51.90417408,"(20,40]",10,immobilized
28.88146912,50.01997721,"(20,40]",10,immobilized
31.01836394,48.63937431,"(20,40]",10,immobilized
33.05509182,49.33129245,"(20,40]",10,immobilized
35.15859766,49.02110158,"(20,40]",10,immobilized
37.22871452,49.47502236,"(20,40]",10,immobilized
39.59933222,50.94389685,"(20,40]",10,immobilized
41.80300501,52.68892944,"(40,60]",10,immobilized
43.97328881,51.55334949,"(40,60]",10,immobilized
45.94323873,52.63828469,"(40,60]",10,immobilized
48.38063439,59.41949875,"(40,60]",10,immobilized
51.68614357,63.12805301,"(40,60]",10,immobilized
54.75792988,59.18798577,"(40,60]",10,immobilized
56.62771285,54.61455172,"(40,60]",10,immobilized
58.63105175,52.66336485,"(40,60]",10,immobilized
60.60100167,53.32441023,"(60,80]",10,immobilized
62.77128548,55.21696792,"(60,80]",10,immobilized
64.84140234,52.9505417,"(60,80]",10,immobilized
66.94490818,52.37040876,"(60,80]",10,immobilized
68.94824708,52.78483775,"(60,80]",10,immobilized
71.18530885,53.9677283,"(60,80]",10,immobilized
73.12186978,55.38569668,"(60,80]",10,immobilized
75.4590985,54.33865477,"(60,80]",10,immobilized
77.52921536,53.50096545,"(60,80]",10,immobilized
79.76627713,53.65117253,"(60,80]",10,immobilized
0.434056761,95.13364654,"[0,20]",11,immobilized
2.604340568,95.98035586,"[0,20]",11,immobilized
4.707846411,94.69332607,"[0,20]",11,immobilized
6.911519199,93.7334739,"[0,20]",11,immobilized
9.048414023,91.93337308,"[0,20]",11,immobilized
11.18530885,90.36592364,"[0,20]",11,immobilized
13.4557596,88.44536065,"[0,20]",11,immobilized
15.72621035,88.56553723,"[0,20]",11,immobilized
18.13021703,95.8331247,"[0,20]",11,immobilized
20.63439065,115.3531277,"(20,40]",11,immobilized
22.67111853,117.964605,"(20,40]",11,immobilized
24.94156928,108.5908897,"(20,40]",11,immobilized
26.77796327,104.7523987,"(20,40]",11,immobilized
28.58096828,105.6917028,"(20,40]",11,immobilized
31.15191987,107.3729833,"(20,40]",11,immobilized
33.38898164,107.9689616,"(20,40]",11,immobilized
35.52587646,107.0090372,"(20,40]",11,immobilized
37.56260434,105.0547565,"(20,40]",11,immobilized
39.6327212,102.9259896,"(20,40]",11,immobilized
41.66944908,101.8075555,"(40,60]",11,immobilized
43.73956594,97.33394323,"(40,60]",11,immobilized
45.84307179,92.55358624,"(40,60]",11,immobilized
47.91318865,91.81317621,"(40,60]",11,immobilized
50.11686144,92.45002739,"(40,60]",11,immobilized
52.38731219,91.73394699,"(40,60]",11,immobilized
55.05843072,92.53156875,"(40,60]",11,immobilized
57.6293823,89.58782625,"(40,60]",11,immobilized
59.46577629,90.44808402,"(40,60]",11,immobilized
61.56928214,90.72501129,"(60,80]",11,immobilized
63.80634391,89.13581066,"(60,80]",11,immobilized
66.34390651,85.22219414,"(60,80]",11,immobilized
68.64774624,87.28949059,"(60,80]",11,immobilized
71.4524207,94.98245101,"(60,80]",11,immobilized
73.65609349,112.064865,"(60,80]",11,immobilized
78.09682805,109.9669588,"(60,80]",11,immobilized
79.83305509,106.1294325,"(60,80]",11,immobilized
0.634390651,112.5677783,"[0,20]",12,immobilized
2.570951586,110.1514239,"[0,20]",12,immobilized
4.574290484,111.1433928,"[0,20]",12,immobilized
7.445742905,108.4891382,"[0,20]",12,immobilized
12.65442404,105.8294297,"[0,20]",12,immobilized
14.62437396,99.82717211,"[0,20]",12,immobilized
16.49415693,100.5821622,"[0,20]",12,immobilized
18.16360601,102.930601,"[0,20]",12,immobilized
20.43405676,104.3088425,"(20,40]",12,immobilized
22.5375626,103.592986,"(20,40]",12,immobilized
24.70784641,105.5087733,"(20,40]",12,immobilized
27.07846411,104.363404,"(20,40]",12,immobilized
28.98163606,113.9420522,"(20,40]",12,immobilized
32.75459098,97.71949362,"(20,40]",12,immobilized
34.75792988,97.11144081,"(20,40]",12,immobilized
36.76126878,96.66982682,"(20,40]",12,immobilized
38.76460768,97.89310981,"(20,40]",12,immobilized
40.86811352,103.1554961,"(40,60]",12,immobilized
43.13856427,113.3269681,"(40,60]",12,immobilized
46.51085142,100.1594746,"(40,60]",12,immobilized
48.64774624,104.597642,"(40,60]",12,immobilized
50.31719533,119.3371383,"(40,60]",12,immobilized
53.92320534,127.7217219,"(40,60]",12,immobilized
57.96327212,133.0577342,"(40,60]",12,immobilized
60.43405676,128.1288349,"(60,80]",12,immobilized
62.77128548,124.5113015,"(60,80]",12,immobilized
68.71452421,115.4706494,"(60,80]",12,immobilized
72.5542571,106.9444927,"(60,80]",12,immobilized
74.49081803,108.2526052,"(60,80]",12,immobilized
76.39398998,109.1064786,"(60,80]",12,immobilized
78.26377295,106.9951776,"(60,80]",12,immobilized
1.903171953,118.8710802,"[0,20]",13,immobilized
4.07345576,119.2733542,"[0,20]",13,immobilized
6.277128548,119.7113214,"[0,20]",13,immobilized
8.414023372,119.0630019,"[0,20]",13,immobilized
10.51752922,119.3972155,"[0,20]",13,immobilized
12.58764608,118.4428498,"[0,20]",13,immobilized
14.65776294,117.7821663,"[0,20]",13,immobilized
16.86143573,118.7929973,"[0,20]",13,immobilized
18.99833055,118.5375919,"[0,20]",13,immobilized
21.10183639,120.9912473,"(20,40]",13,immobilized
23.17195326,120.2158778,"(20,40]",13,immobilized
25.2754591,121.6696653,"(20,40]",13,immobilized
27.24540902,124.2741238,"(20,40]",13,immobilized
29.41569282,128.0596578,"(20,40]",13,immobilized
31.48580968,129.2796533,"(20,40]",13,immobilized
33.4557596,127.1291582,"(20,40]",13,immobilized
35.35893155,125.4819354,"(20,40]",13,immobilized
37.19532554,125.602547,"(20,40]",13,immobilized
39.19866444,126.3016066,"(20,40]",13,immobilized
41.23539232,126.4245109,"(40,60]",13,immobilized
43.10517529,122.9437391,"(40,60]",13,immobilized
45.10851419,123.6083893,"(40,60]",13,immobilized
47.04507513,123.7118977,"(40,60]",13,immobilized
48.98163606,123.0232401,"(40,60]",13,immobilized
51.01836394,124.7633557,"(40,60]",13,immobilized
53.12186978,124.7796082,"(40,60]",13,immobilized
55.19198664,125.071591,"(40,60]",13,immobilized
57.19532554,124.4769074,"(40,60]",13,immobilized
59.19866444,124.1053454,"(40,60]",13,immobilized
61.10183639,125.1724252,"(60,80]",13,immobilized
63.03839733,125.410648,"(60,80]",13,immobilized
65.10851419,125.0438488,"(60,80]",13,immobilized
67.17863105,126.2836696,"(60,80]",13,immobilized
69.18196995,125.8110255,"(60,80]",13,immobilized
71.15191987,125.9291389,"(60,80]",13,immobilized
73.05509182,125.1224144,"(60,80]",13,immobilized
74.99165275,126.493885,"(60,80]",13,immobilized
76.99499165,127.6628497,"(60,80]",13,immobilized
78.99833055,127.6230346,"(60,80]",13,immobilized
0.100166945,158.5786475,"[0,20]",19,immobilized
2.003338898,145.0161084,"[0,20]",19,immobilized
3.539232053,141.7939764,"[0,20]",19,immobilized
5.475792988,139.8411672,"[0,20]",19,immobilized
7.612687813,138.2724181,"[0,20]",19,immobilized
9.215358932,124.1771834,"[0,20]",19,immobilized
10.85141903,123.1745012,"[0,20]",19,immobilized
12.75459098,124.6947208,"[0,20]",19,immobilized
15.02504174,121.2285278,"[0,20]",19,immobilized
17.06176962,125.1846709,"[0,20]",19,immobilized
18.66444073,129.0996112,"[0,20]",19,immobilized
20.66777963,129.3169956,"(20,40]",19,immobilized
22.30383973,132.1601775,"(20,40]",19,immobilized
24.10684474,142.4084949,"(20,40]",19,immobilized
26.11018364,155.9766036,"(20,40]",19,immobilized
30.05008347,154.5688728,"(20,40]",19,immobilized
32.08681135,148.1012288,"(20,40]",19,immobilized
33.8230384,131.7749314,"(20,40]",19,immobilized
35.69282137,124.148481,"(20,40]",19,immobilized
37.29549249,122.0713344,"(20,40]",19,immobilized
39.66611018,116.1727862,"(20,40]",19,immobilized
41.66944908,115.1462685,"(40,60]",19,immobilized
43.67278798,111.777971,"(40,60]",19,immobilized
45.6427379,105.7990738,"(40,60]",19,immobilized
47.4457429,120.1001233,"(40,60]",19,immobilized
49.61602671,116.0722227,"(40,60]",19,immobilized
51.4524207,110.6407375,"(40,60]",19,immobilized
53.22203673,114.0639528,"(40,60]",19,immobilized
55.25876461,113.2638726,"(40,60]",19,immobilized
56.92821369,114.9387204,"(40,60]",19,immobilized
58.83138564,121.1766762,"(40,60]",19,immobilized
61.23539232,121.1233135,"(60,80]",19,immobilized
62.83806344,124.8077962,"(60,80]",19,immobilized
64.70784641,131.223709,"(60,80]",19,immobilized
66.84474124,129.6926055,"(60,80]",19,immobilized
68.71452421,128.6274035,"(60,80]",19,immobilized
70.58430718,124.4277739,"(60,80]",19,immobilized
72.1869783,120.39589,"(60,80]",19,immobilized
73.95659432,122.5347089,"(60,80]",19,immobilized
75.75959933,121.6096336,"(60,80]",19,immobilized
77.6293823,121.0018993,"(60,80]",19,immobilized
79.56594324,137.5568419,"(60,80]",19,immobilized
0.066777963,42.13048263,"[0,20]",20,immobilized
2.337228715,42.26162962,"[0,20]",20,immobilized
4.941569282,42.29570142,"[0,20]",20,immobilized
7.378964942,42.24222562,"[0,20]",20,immobilized
9.916527546,42.32470788,"[0,20]",20,immobilized
12.45409015,42.38792004,"[0,20]",20,immobilized
14.95826377,42.67295959,"[0,20]",20,immobilized
17.49582638,42.4931344,"[0,20]",20,immobilized
19.96661102,41.12885027,"[0,20]",20,immobilized
22.30383973,40.14972824,"(20,40]",20,immobilized
24.70784641,40.35326637,"(20,40]",20,immobilized
27.34557596,40.77017318,"(20,40]",20,immobilized
29.78297162,41.50202375,"(20,40]",20,immobilized
32.32053422,41.91358441,"(20,40]",20,immobilized
34.95826377,41.03761249,"(20,40]",20,immobilized
37.22871452,40.90401969,"(20,40]",20,immobilized
39.69949917,40.7144756,"(20,40]",20,immobilized
42.13689482,40.50003048,"(40,60]",20,immobilized
44.64106845,40.81134553,"(40,60]",20,immobilized
47.01168614,40.99512044,"(40,60]",20,immobilized
49.48247078,40.68767723,"(40,60]",20,immobilized
51.88647746,40.27098341,"(40,60]",20,immobilized
54.29048414,39.53381493,"(40,60]",20,immobilized
56.69449082,38.89570428,"(40,60]",20,immobilized
59.06510851,38.17200486,"(40,60]",20,immobilized
61.43572621,38.31846713,"(60,80]",20,immobilized
63.87312187,37.92627736,"(60,80]",20,immobilized
66.24373957,37.47356269,"(60,80]",20,immobilized
68.58096828,37.09138861,"(60,80]",20,immobilized
71.0851419,36.28348486,"(60,80]",20,immobilized
73.38898164,36.63634386,"(60,80]",20,immobilized
75.79298831,36.83496785,"(60,80]",20,immobilized
78.16360601,36.07905664,"(60,80]",20,immobilized
1.602671119,66.24215959,"[0,20]",21,immobilized
2.671118531,60.96593377,"[0,20]",21,immobilized
3.839732888,65.16827566,"[0,20]",21,immobilized
5.008347245,66.13900823,"[0,20]",21,immobilized
6.243739566,65.04440636,"[0,20]",21,immobilized
7.479131886,63.55556029,"[0,20]",21,immobilized
8.714524207,60.54342069,"[0,20]",21,immobilized
9.949916528,58.51072824,"[0,20]",21,immobilized
11.11853088,57.32638268,"[0,20]",21,immobilized
12.42070117,57.45550571,"[0,20]",21,immobilized
13.65609349,56.46224331,"[0,20]",21,immobilized
14.92487479,54.58683761,"[0,20]",21,immobilized
16.09348915,58.23528679,"[0,20]",21,immobilized
17.32888147,62.71339574,"[0,20]",21,immobilized
18.56427379,66.05143272,"[0,20]",21,immobilized
19.79966611,69.83909665,"[0,20]",21,immobilized
21.20200334,76.09849665,"(20,40]",21,immobilized
22.70450751,72.56198541,"(20,40]",21,immobilized
24.20701169,69.45922562,"(20,40]",21,immobilized
25.30884808,70.26434246,"(20,40]",21,immobilized
26.51085142,72.39256925,"(20,40]",21,immobilized
27.71285476,69.47489692,"(20,40]",21,immobilized
28.88146912,68.1753364,"(20,40]",21,immobilized
30.08347245,66.46247806,"(20,40]",21,immobilized
31.28547579,65.15560773,"(20,40]",21,immobilized
32.52086811,65.63578631,"(20,40]",21,immobilized
33.75626043,68.33493613,"(20,40]",21,immobilized
35.02504174,71.77123405,"(20,40]",21,immobilized
36.26043406,71.31811771,"(20,40]",21,immobilized
37.52921536,69.95932177,"(20,40]",21,immobilized
38.76460768,66.11511418,"(20,40]",21,immobilized
40,61.01904128,"(20,40]",21,immobilized
41.20200334,58.63350408,"(40,60]",21,immobilized
42.47078464,59.20062142,"(40,60]",21,immobilized
43.73956594,60.31778654,"(40,60]",21,immobilized
45.2754591,69.04613007,"(40,60]",21,immobilized
46.9115192,67.25493523,"(40,60]",21,immobilized
48.21368948,63.54118068,"(40,60]",21,immobilized
49.38230384,62.30786277,"(40,60]",21,immobilized
50.58430718,65.76400923,"(40,60]",21,immobilized
51.78631052,72.4937325,"(40,60]",21,immobilized
52.95492487,76.49830322,"(40,60]",21,immobilized
54.12353923,78.53246287,"(40,60]",21,immobilized
55.32554257,78.38959487,"(40,60]",21,immobilized
56.52754591,75.15863165,"(40,60]",21,immobilized
57.69616027,71.52608596,"(40,60]",21,immobilized
58.89816361,67.79877688,"(40,60]",21,immobilized
60,65.4284628,"(40,60]",21,immobilized
61.20200334,61.7788719,"(60,80]",21,immobilized
62.43739566,58.0125373,"(60,80]",21,immobilized
63.67278798,60.97903771,"(60,80]",21,immobilized
64.94156928,60.04335502,"(60,80]",21,immobilized
66.31051753,67.77738674,"(60,80]",21,immobilized
67.94657763,67.6784717,"(60,80]",21,immobilized
69.28213689,65.08788776,"(60,80]",21,immobilized
70.45075125,63.65402849,"(60,80]",21,immobilized
71.55258765,66.49681896,"(60,80]",21,immobilized
72.68781302,68.8513241,"(60,80]",21,immobilized
73.92320534,70.2156598,"(60,80]",21,immobilized
75.02504174,66.02290571,"(60,80]",21,immobilized
76.22704508,67.68087286,"(60,80]",21,immobilized
77.39565943,67.30927513,"(60,80]",21,immobilized
78.66444073,68.30853946,"(60,80]",21,immobilized
79.89983306,70.14140353,"(60,80]",21,immobilized
0.601001669,39.60273743,"[0,20]",25,immobilized
2.270450751,40.38650395,"[0,20]",25,immobilized
3.87312187,40.54779324,"[0,20]",25,immobilized
5.575959933,40.93943395,"[0,20]",25,immobilized
7.312186978,42.04498891,"[0,20]",25,immobilized
9.048414023,41.06615566,"[0,20]",25,immobilized
10.75125209,39.7312062,"[0,20]",25,immobilized
12.28714524,38.82491164,"[0,20]",25,immobilized
13.72287145,37.72238787,"[0,20]",25,immobilized
15.19198664,37.18088016,"[0,20]",25,immobilized
16.62771285,37.46821886,"[0,20]",25,immobilized
18.06343907,37.04704844,"[0,20]",25,immobilized
19.49916528,37.48094513,"[0,20]",25,immobilized
20.93489149,37.27622505,"(20,40]",25,immobilized
22.3706177,36.89642655,"(20,40]",25,immobilized
23.80634391,36.38530525,"(20,40]",25,immobilized
25.20868114,38.15658401,"(20,40]",25,immobilized
26.67779633,40.01332314,"(20,40]",25,immobilized
28.28046745,39.50730308,"(20,40]",25,immobilized
29.94991653,40.53010292,"(20,40]",25,immobilized
31.38564274,40.71782316,"(20,40]",25,immobilized
33.35559265,37.6115264,"(20,40]",25,immobilized
34.82470785,39.69506767,"(20,40]",25,immobilized
36.69449082,40.22832934,"(20,40]",25,immobilized
38.56427379,39.28673876,"(20,40]",25,immobilized
40.10016694,37.3238596,"(40,60]",25,immobilized
41.66944908,36.2759378,"(40,60]",25,immobilized
43.13856427,34.72433443,"(40,60]",25,immobilized
44.57429048,34.88609439,"(40,60]",25,immobilized
46.04340568,35.64474626,"(40,60]",25,immobilized
47.57929883,36.7018026,"(40,60]",25,immobilized
49.18196995,38.43302089,"(40,60]",25,immobilized
50.78464107,37.72044481,"(40,60]",25,immobilized
52.38731219,37.4934046,"(40,60]",25,immobilized
53.98998331,37.34333607,"(40,60]",25,immobilized
55.49248748,37.63663108,"(40,60]",25,immobilized
56.99499165,37.95926284,"(40,60]",25,immobilized
58.46410684,38.06963888,"(40,60]",25,immobilized
59.93322204,38.06362729,"(40,60]",25,immobilized
61.33555927,39.12839923,"(60,80]",25,immobilized
62.83806344,38.9855373,"(60,80]",25,immobilized
64.40734558,37.97275695,"(60,80]",25,immobilized
65.87646077,37.97609042,"(60,80]",25,immobilized
67.41235392,39.13203165,"(60,80]",25,immobilized
69.04841402,40.50691664,"(60,80]",25,immobilized
70.68447412,40.6718686,"(60,80]",25,immobilized
72.42070117,41.63056685,"(60,80]",25,immobilized
74.02337229,40.94491481,"(60,80]",25,immobilized
75.69282137,39.99526373,"(60,80]",25,immobilized
77.29549249,38.62203592,"(60,80]",25,immobilized
78.86477462,37.59625014,"(60,80]",25,immobilized
1.302170284,131.5579242,"[0,20]",26,immobilized
2.537562604,121.9597733,"[0,20]",26,immobilized
3.806343907,115.5638789,"[0,20]",26,immobilized
5.008347245,103.6596294,"[0,20]",26,immobilized
6.277128548,105.5514937,"[0,20]",26,immobilized
7.779632721,113.8216831,"[0,20]",26,immobilized
9.482470785,119.7456122,"[0,20]",26,immobilized
10.88480801,111.7992802,"[0,20]",26,immobilized
12.25375626,114.8131468,"[0,20]",26,immobilized
13.58931553,118.2349189,"[0,20]",26,immobilized
14.99165275,129.2593101,"[0,20]",26,immobilized
16.39398998,124.0342452,"[0,20]",26,immobilized
17.79632721,123.2354704,"[0,20]",26,immobilized
19.13188648,120.059024,"[0,20]",26,immobilized
20.56761269,120.7404536,"(20,40]",26,immobilized
21.86978297,126.3100235,"(20,40]",26,immobilized
23.13856427,123.5651781,"(20,40]",26,immobilized
24.40734558,122.1257813,"(20,40]",26,immobilized
25.6427379,115.6451626,"(20,40]",26,immobilized
26.87813022,115.5442592,"(20,40]",26,immobilized
28.38063439,126.8679867,"(20,40]",26,immobilized
29.98330551,132.2220788,"(20,40]",26,immobilized
31.35225376,136.1275827,"(20,40]",26,immobilized
32.721202,135.9860504,"(20,40]",26,immobilized
34.02337229,136.2768031,"(20,40]",26,immobilized
35.29215359,138.0461789,"(20,40]",26,immobilized
36.56093489,137.9171227,"(20,40]",26,immobilized
37.82971619,136.1779792,"(20,40]",26,immobilized
39.13188648,140.4657245,"(20,40]",26,immobilized
40.40066778,137.3783393,"(40,60]",26,immobilized
41.60267112,130.9976229,"(40,60]",26,immobilized
42.87145242,126.0717337,"(40,60]",26,immobilized
44.07345576,127.3582765,"(40,60]",26,immobilized
45.37562604,130.0916387,"(40,60]",26,immobilized
46.71118531,128.039371,"(40,60]",26,immobilized
47.97996661,124.8333629,"(40,60]",26,immobilized
49.21535893,142.4412167,"(40,60]",26,immobilized
50.48414023,138.4606795,"(40,60]",26,immobilized
51.88647746,148.141226,"(40,60]",26,immobilized
53.48914858,155.0460752,"(40,60]",26,immobilized
54.92487479,157.5221425,"(40,60]",26,immobilized
56.26043406,165.0289985,"(40,60]",26,immobilized
57.6293823,166.0199858,"(40,60]",26,immobilized
58.93155259,168.3030039,"(40,60]",26,immobilized
60.30050083,170.9327379,"(60,80]",26,immobilized
61.60267112,167.0145039,"(60,80]",26,immobilized
62.87145242,156.5174227,"(60,80]",26,immobilized
64.14023372,156.9059196,"(60,80]",26,immobilized
65.40901503,153.150018,"(60,80]",26,immobilized
66.64440735,148.5085844,"(60,80]",26,immobilized
67.94657763,158.1419667,"(60,80]",26,immobilized
69.51585977,166.6054739,"(60,80]",26,immobilized
71.0851419,163.2237428,"(60,80]",26,immobilized
72.5542571,161.9569527,"(60,80]",26,immobilized
73.95659432,160.67082,"(60,80]",26,immobilized
75.25876461,161.5507572,"(60,80]",26,immobilized
76.52754591,161.3344834,"(60,80]",26,immobilized
77.76293823,159.7871926,"(60,80]",26,immobilized
78.99833055,162.154006,"(60,80]",26,immobilized
0.868113523,59.02367383,"[0,20]",27,immobilized
2.537562604,51.98618787,"[0,20]",27,immobilized
4.240400668,51.88231654,"[0,20]",27,immobilized
6.043405676,54.0790638,"[0,20]",27,immobilized
7.74624374,51.90082725,"[0,20]",27,immobilized
9.515859766,51.19305284,"[0,20]",27,immobilized
11.28547579,50.71685227,"[0,20]",27,immobilized
12.98831386,48.20647779,"[0,20]",27,immobilized
14.65776294,48.94264275,"[0,20]",27,immobilized
16.46076795,54.79831428,"[0,20]",27,immobilized
18.3639399,55.70337005,"[0,20]",27,immobilized
20.06677796,57.82644381,"(20,40]",27,immobilized
21.73622705,60.08494193,"(20,40]",27,immobilized
23.43906511,61.10477448,"(20,40]",27,immobilized
25.10851419,63.25678544,"(20,40]",27,immobilized
26.81135225,59.72107093,"(20,40]",27,immobilized
28.48080134,56.84038411,"(20,40]",27,immobilized
30.28380634,58.85808462,"(20,40]",27,immobilized
32.12020033,60.83392137,"(20,40]",27,immobilized
33.95659432,59.42863808,"(20,40]",27,immobilized
35.79298831,62.2815316,"(20,40]",27,immobilized
37.66277129,61.93078341,"(20,40]",27,immobilized
39.46577629,57.65186983,"(20,40]",27,immobilized
41.20200334,51.58752657,"(40,60]",27,immobilized
42.23706177,52.23380443,"(40,60]",27,immobilized
44.70784641,58.7919431,"(40,60]",27,immobilized
46.77796327,58.39365581,"(40,60]",27,immobilized
48.48080134,55.85539424,"(40,60]",27,immobilized
50.15025042,53.48556252,"(40,60]",27,immobilized
51.78631052,61.85699747,"(40,60]",27,immobilized
53.42237062,63.44312727,"(40,60]",27,immobilized
55.0918197,63.45165377,"(40,60]",27,immobilized
56.7278798,61.72683715,"(40,60]",27,immobilized
58.39732888,60.1714734,"(40,60]",27,immobilized
60.03338898,58.35897055,"(60,80]",27,immobilized
61.76961603,58.52062442,"(60,80]",27,immobilized
63.50584307,58.50013577,"(60,80]",27,immobilized
65.20868114,53.58168916,"(60,80]",27,immobilized
66.74457429,54.08562392,"(60,80]",27,immobilized
68.74791319,58.90760996,"(60,80]",27,immobilized
70.71786311,62.88917694,"(60,80]",27,immobilized
72.42070117,57.00709725,"(60,80]",27,immobilized
74.09015025,58.27362742,"(60,80]",27,immobilized
75.65943239,60.96901133,"(60,80]",27,immobilized
77.22871452,59.27858084,"(60,80]",27,immobilized
78.79799666,56.52571331,"(60,80]",27,immobilized
0.066777963,67.53589743,"[0,20]",28,immobilized
3.238731219,70.85431391,"[0,20]",28,immobilized
5.30884808,75.02802139,"[0,20]",28,immobilized
8.58096828,73.92419917,"[0,20]",28,immobilized
10.71786311,76.78037528,"[0,20]",28,immobilized
13.62270451,75.83998534,"[0,20]",28,immobilized
15.69282137,79.40788256,"[0,20]",28,immobilized
19.16527546,76.88828416,"[0,20]",28,immobilized
21.30217028,80.38609599,"(20,40]",28,immobilized
24.74123539,77.27223632,"(20,40]",28,immobilized
27.01168614,79.00003578,"(20,40]",28,immobilized
29.94991653,75.69945384,"(20,40]",28,immobilized
32.08681135,78.30614423,"(20,40]",28,immobilized
34.82470785,77.36388452,"(20,40]",28,immobilized
36.89482471,80.59086177,"(20,40]",28,immobilized
39.03171953,82.88575082,"(20,40]",28,immobilized
41.83639399,81.03975685,"(40,60]",28,immobilized
44.04006678,83.66980376,"(40,60]",28,immobilized
46.84474124,80.63064598,"(40,60]",28,immobilized
48.9148581,82.60935899,"(40,60]",28,immobilized
51.75292154,79.93563848,"(40,60]",28,immobilized
53.98998331,82.73061929,"(40,60]",28,immobilized
56.7278798,80.00656272,"(40,60]",28,immobilized
58.93155259,82.12295712,"(40,60]",28,immobilized
61.56928214,79.88764648,"(60,80]",28,immobilized
63.639399,81.72450148,"(60,80]",28,immobilized
66.37729549,80.86893627,"(60,80]",28,immobilized
68.44741235,84.08556572,"(60,80]",28,immobilized
71.11853088,81.96418208,"(60,80]",28,immobilized
73.18864775,83.80263508,"(60,80]",28,immobilized
75.62604341,82.50056592,"(60,80]",28,immobilized
77.6293823,84.77012954,"(60,80]",28,immobilized
79.66611018,86.92960534,"(60,80]",28,immobilized
0.567612688,111.2532152,"[0,20]",30,immobilized
2.23706177,114.1751737,"[0,20]",30,immobilized
3.87312187,101.3258056,"[0,20]",30,immobilized
5.409015025,98.30044308,"[0,20]",30,immobilized
6.94490818,103.0262051,"[0,20]",30,immobilized
8.58096828,103.8939523,"[0,20]",30,immobilized
10.21702838,100.9644399,"[0,20]",30,immobilized
11.85308848,99.33795059,"[0,20]",30,immobilized
13.4557596,96.85392544,"[0,20]",30,immobilized
15.05843072,97.40971464,"[0,20]",30,immobilized
16.62771285,91.1489408,"[0,20]",30,immobilized
18.23038397,90.57151168,"[0,20]",30,immobilized
19.76627713,90.91677605,"[0,20]",30,immobilized
21.33555927,92.87186823,"(20,40]",30,immobilized
22.87145242,90.65068576,"(20,40]",30,immobilized
24.37395659,91.88774936,"(20,40]",30,immobilized
25.90984975,93.05517428,"(20,40]",30,immobilized
27.4457429,92.81449102,"(20,40]",30,immobilized
29.01502504,95.38982559,"(20,40]",30,immobilized
30.5509182,94.44026034,"(20,40]",30,immobilized
32.08681135,98.6327348,"(20,40]",30,immobilized
33.65609349,99.53791514,"(20,40]",30,immobilized
35.29215359,100.2877307,"(20,40]",30,immobilized
36.86143573,103.0933817,"(20,40]",30,immobilized
38.49749583,99.75931491,"(20,40]",30,immobilized
40.06677796,96.96090355,"(40,60]",30,immobilized
41.66944908,96.12984878,"(40,60]",30,immobilized
43.23873122,94.79575875,"(40,60]",30,immobilized
44.77462437,91.53241379,"(40,60]",30,immobilized
46.24373957,91.67462655,"(40,60]",30,immobilized
47.77963272,92.85251648,"(40,60]",30,immobilized
49.28213689,94.07972897,"(40,60]",30,immobilized
50.81803005,93.42191451,"(40,60]",30,immobilized
52.35392321,93.59966567,"(40,60]",30,immobilized
53.92320534,94.46125817,"(40,60]",30,immobilized
55.49248748,94.30256005,"(40,60]",30,immobilized
57.0951586,94.75357271,"(40,60]",30,immobilized
58.69782972,94.77192061,"(40,60]",30,immobilized
60.33388982,96.58528402,"(60,80]",30,immobilized
61.93656093,98.58514126,"(60,80]",30,immobilized
63.57262104,99.55195412,"(60,80]",30,immobilized
65.34223706,97.05342705,"(60,80]",30,immobilized
67.07846411,96.24202882,"(60,80]",30,immobilized
68.81469115,97.87565064,"(60,80]",30,immobilized
70.61769616,98.12425104,"(60,80]",30,immobilized
72.38731219,98.14558834,"(60,80]",30,immobilized
74.15692821,98.05616608,"(60,80]",30,immobilized
75.89315526,97.65592334,"(60,80]",30,immobilized
77.69616027,98.19713933,"(60,80]",30,immobilized
79.46577629,100.0498192,"(60,80]",30,immobilized
0.500834725,103.145504,"[0,20]",32,immobilized
2.070116861,103.4458021,"[0,20]",32,immobilized
3.639398998,102.9068646,"[0,20]",32,immobilized
5.208681135,101.1105841,"[0,20]",32,immobilized
6.777963272,100.6612316,"[0,20]",32,immobilized
8.380634391,103.6924953,"[0,20]",32,immobilized
9.949916528,102.2041779,"[0,20]",32,immobilized
11.48580968,100.5446494,"[0,20]",32,immobilized
13.05509182,100.7847125,"[0,20]",32,immobilized
14.65776294,98.76919554,"[0,20]",32,immobilized
16.22704508,98.39886194,"[0,20]",32,immobilized
17.82971619,100.460121,"[0,20]",32,immobilized
19.43238731,99.38186513,"[0,20]",32,immobilized
20.93489149,99.96972101,"(20,40]",32,immobilized
22.5375626,100.3365377,"(20,40]",32,immobilized
24.10684474,97.7557961,"(20,40]",32,immobilized
25.67612688,98.64647066,"(20,40]",32,immobilized
27.278798,99.15654519,"(20,40]",32,immobilized
28.84808013,97.54099654,"(20,40]",32,immobilized
30.41736227,96.05057405,"(20,40]",32,immobilized
31.98664441,98.97023115,"(20,40]",32,immobilized
33.55592654,97.88209735,"(20,40]",32,immobilized
35.12520868,96.79003138,"(20,40]",32,immobilized
36.7278798,101.3042398,"(20,40]",32,immobilized
38.39732888,99.62517075,"(20,40]",32,immobilized
40.03338898,101.9852427,"(40,60]",32,immobilized
41.6360601,106.6438496,"(40,60]",32,immobilized
43.2721202,103.4141827,"(40,60]",32,immobilized
44.9081803,101.9121784,"(40,60]",32,immobilized
46.5442404,101.7135643,"(40,60]",32,immobilized
48.14691152,95.64637305,"(40,60]",32,immobilized
49.71619366,93.17729485,"(40,60]",32,immobilized
51.31886477,91.73025377,"(40,60]",32,immobilized
52.88814691,90.14775079,"(40,60]",32,immobilized
54.49081803,88.33711721,"(40,60]",32,immobilized
56.06010017,88.37185281,"(40,60]",32,immobilized
57.6293823,89.83984761,"(40,60]",32,immobilized
59.19866444,92.24747203,"(40,60]",32,immobilized
60.7345576,95.67078111,"(60,80]",32,immobilized
62.30383973,94.88035259,"(60,80]",32,immobilized
63.83973289,92.94759357,"(60,80]",32,immobilized
65.40901503,93.27404141,"(60,80]",32,immobilized
66.94490818,91.34324068,"(60,80]",32,immobilized
68.51419032,91.38801246,"(60,80]",32,immobilized
70.08347245,90.58094326,"(60,80]",32,immobilized
71.61936561,89.65888279,"(60,80]",32,immobilized
73.18864775,89.44397491,"(60,80]",32,immobilized
74.75792988,90.05274479,"(60,80]",32,immobilized
76.32721202,90.30033617,"(60,80]",32,immobilized
77.86310518,89.25151174,"(60,80]",32,immobilized
79.43238731,87.97898178,"(60,80]",32,immobilized
0.300500835,50.92743477,"[0,20]",1,Moving
1.335559265,51.46281016,"[0,20]",1,Moving
2.370617696,51.40864414,"[0,20]",1,Moving
3.372287145,51.2473368,"[0,20]",1,Moving
4.340567613,51.30292797,"[0,20]",1,Moving
5.375626043,51.68868819,"[0,20]",1,Moving
6.377295492,51.66465481,"[0,20]",1,Moving
7.378964942,51.67454783,"[0,20]",1,Moving
8.380634391,51.46467506,"[0,20]",1,Moving
9.38230384,51.22336462,"[0,20]",1,Moving
10.35058431,51.93472207,"[0,20]",1,Moving
11.35225376,52.72632897,"[0,20]",1,Moving
12.28714524,53.23268239,"[0,20]",1,Moving
13.28881469,53.72460237,"[0,20]",1,Moving
14.1903172,53.57509725,"[0,20]",1,Moving
15.19198664,53.2188765,"[0,20]",1,Moving
16.19365609,53.83884821,"[0,20]",1,Moving
17.19532554,52.93856752,"[0,20]",1,Moving
18.16360601,52.20288043,"[0,20]",1,Moving
19.16527546,52.32361303,"[0,20]",1,Moving
20.10016694,52.44887573,"(20,40]",1,Moving
21.10183639,52.32460247,"(20,40]",1,Moving
22.07011686,52.20014183,"(20,40]",1,Moving
23.10517529,52.38038084,"(20,40]",1,Moving
24.14023372,52.76436309,"(20,40]",1,Moving
25.10851419,54.54376788,"(20,40]",1,Moving
26.11018364,54.55262385,"(20,40]",1,Moving
27.14524207,55.06591757,"(20,40]",1,Moving
28.11352254,54.71759743,"(20,40]",1,Moving
29.11519199,54.88697511,"(20,40]",1,Moving
30.15025042,54.73793473,"(20,40]",1,Moving
31.25208681,54.23190478,"(20,40]",1,Moving
32.32053422,54.16676945,"(20,40]",1,Moving
33.35559265,54.13448449,"(20,40]",1,Moving
34.42404007,54.92062859,"(20,40]",1,Moving
35.4590985,54.5691258,"(20,40]",1,Moving
36.46076795,54.60229552,"(20,40]",1,Moving
37.4624374,54.43104948,"(20,40]",1,Moving
38.49749583,54.59314439,"(20,40]",1,Moving
39.53255426,55.57771174,"(20,40]",1,Moving
40.53422371,55.62586837,"(40,60]",1,Moving
41.56928214,56.0647966,"(40,60]",1,Moving
42.57095159,55.86441449,"(40,60]",1,Moving
43.57262104,55.65042039,"(40,60]",1,Moving
44.57429048,55.48330272,"(40,60]",1,Moving
45.6427379,55.44295745,"(40,60]",1,Moving
46.71118531,56.03831378,"(40,60]",1,Moving
47.74624374,55.8065265,"(40,60]",1,Moving
48.74791319,55.11218627,"(40,60]",1,Moving
49.71619366,54.49121449,"(40,60]",1,Moving
50.71786311,54.23607023,"(40,60]",1,Moving
51.71953255,53.53885511,"(40,60]",1,Moving
52.68781302,53.97076985,"(40,60]",1,Moving
53.72287145,54.78699367,"(40,60]",1,Moving
54.7245409,55.05557441,"(40,60]",1,Moving
55.79298831,56.21406967,"(40,60]",1,Moving
56.92821369,55.06550082,"(40,60]",1,Moving
57.96327212,55.7774647,"(40,60]",1,Moving
58.96494157,56.10859527,"(40,60]",1,Moving
59.96661102,56.01334316,"(40,60]",1,Moving
60.96828047,55.83511501,"(60,80]",1,Moving
61.96994992,55.96060153,"(60,80]",1,Moving
63.00500835,56.48783582,"(60,80]",1,Moving
64.04006678,56.49578607,"(60,80]",1,Moving
65.04173623,56.58905164,"(60,80]",1,Moving
66.07679466,56.66761183,"(60,80]",1,Moving
67.11185309,56.62289952,"(60,80]",1,Moving
68.11352254,55.67244191,"(60,80]",1,Moving
69.11519199,55.57249029,"(60,80]",1,Moving
70.01669449,56.76009319,"(60,80]",1,Moving
70.98497496,59.04787716,"(60,80]",1,Moving
71.91986644,59.03594489,"(60,80]",1,Moving
72.88814691,58.84800297,"(60,80]",1,Moving
73.92320534,58.87844838,"(60,80]",1,Moving
74.92487479,58.27964894,"(60,80]",1,Moving
75.92654424,57.57191098,"(60,80]",1,Moving
76.96160267,57.99587463,"(60,80]",1,Moving
77.9966611,57.57825434,"(60,80]",1,Moving
79.06510851,57.53135892,"(60,80]",1,Moving
1.669449082,44.95323628,"[0,20]",2,Moving
3.67278798,44.91806417,"[0,20]",2,Moving
5.70951586,45.87576795,"[0,20]",2,Moving
7.813021703,47.18965454,"[0,20]",2,Moving
9.849749583,47.02038238,"[0,20]",2,Moving
12.05342237,48.27986097,"[0,20]",2,Moving
14.05676127,46.68108729,"[0,20]",2,Moving
15.85976628,45.83673457,"[0,20]",2,Moving
17.82971619,45.98248782,"[0,20]",2,Moving
19.83305509,46.47922999,"[0,20]",2,Moving
21.90317195,47.53052397,"(20,40]",2,Moving
24.04006678,48.43899993,"(20,40]",2,Moving
26.14357262,47.6667387,"(20,40]",2,Moving
28.14691152,48.84883928,"(20,40]",2,Moving
29.98330551,45.81532667,"(20,40]",2,Moving
31.78631052,44.78607843,"(20,40]",2,Moving
33.75626043,44.93891231,"(20,40]",2,Moving
35.69282137,44.8838008,"(20,40]",2,Moving
37.66277129,45.47240883,"(20,40]",2,Moving
39.73288815,46.2608699,"(20,40]",2,Moving
41.76961603,46.98021646,"(40,60]",2,Moving
43.80634391,47.95483048,"(40,60]",2,Moving
45.8096828,47.72058281,"(40,60]",2,Moving
47.84641068,48.14500147,"(40,60]",2,Moving
49.94991653,49.0083338,"(40,60]",2,Moving
52.22036728,50.40925354,"(40,60]",2,Moving
54.09015025,51.09791404,"(40,60]",2,Moving
56.02671119,47.2716058,"(40,60]",2,Moving
57.82971619,47.85010358,"(40,60]",2,Moving
59.69949917,47.36081016,"(40,60]",2,Moving
61.56928214,47.84914549,"(60,80]",2,Moving
63.53923205,46.35046277,"(60,80]",2,Moving
65.50918197,47.42022809,"(60,80]",2,Moving
67.51252087,47.32686393,"(60,80]",2,Moving
69.58263773,48.03114103,"(60,80]",2,Moving
71.71953255,48.76079017,"(60,80]",2,Moving
73.62270451,47.58261812,"(60,80]",2,Moving
75.49248748,45.58265477,"(60,80]",2,Moving
77.49582638,45.78500603,"(60,80]",2,Moving
79.53255426,47.09941073,"(60,80]",2,Moving
1.068447412,48.77910805,"[0,20]",3,Moving
2.904841402,50.17623415,"[0,20]",3,Moving
5.843071786,37.51245074,"[0,20]",3,Moving
6.644407346,34.81830378,"[0,20]",3,Moving
8.547579299,36.91464544,"[0,20]",3,Moving
10.41736227,37.84796125,"[0,20]",3,Moving
12.22036728,38.20777891,"[0,20]",3,Moving
14.12353923,41.94593433,"[0,20]",3,Moving
15.9933222,42.87929605,"[0,20]",3,Moving
17.86310518,42.07355392,"[0,20]",3,Moving
19.69949917,42.06220923,"[0,20]",3,Moving
21.46911519,43.88691458,"(20,40]",3,Moving
23.30550918,42.96062505,"(20,40]",3,Moving
25.07512521,42.85918824,"(20,40]",3,Moving
26.87813022,43.52944634,"(20,40]",3,Moving
28.64774624,43.36131558,"(20,40]",3,Moving
30.38397329,41.58854273,"(20,40]",3,Moving
32.1869783,43.15598747,"(20,40]",3,Moving
34.05676127,43.64437718,"(20,40]",3,Moving
35.8263773,42.96362639,"(20,40]",3,Moving
37.59599332,42.45387966,"(20,40]",3,Moving
39.36560935,42.70521529,"(20,40]",3,Moving
41.10183639,42.39910648,"(40,60]",3,Moving
42.9048414,43.15034809,"(40,60]",3,Moving
44.70784641,42.3847319,"(40,60]",3,Moving
46.57762938,44.64822879,"(40,60]",3,Moving
48.41402337,44.98556115,"(40,60]",3,Moving
50.1836394,45.56739064,"(40,60]",3,Moving
52.05342237,45.49871394,"(40,60]",3,Moving
53.88981636,43.52907503,"(40,60]",3,Moving
55.65943239,42.26548926,"(40,60]",3,Moving
57.4624374,45.65101363,"(40,60]",3,Moving
59.2654424,47.2025334,"(40,60]",3,Moving
61.03505843,45.39436702,"(60,80]",3,Moving
62.77128548,44.52895979,"(60,80]",3,Moving
64.5409015,45.52201599,"(60,80]",3,Moving
65.14190317,48.10470105,"(60,80]",3,Moving
66.34390651,46.14803468,"(60,80]",3,Moving
68.11352254,45.01314983,"(60,80]",3,Moving
69.84974958,45.76900933,"(60,80]",3,Moving
71.58597663,44.90346447,"(60,80]",3,Moving
73.32220367,47.1396654,"(60,80]",3,Moving
75.0918197,47.45354736,"(60,80]",3,Moving
76.86143573,48.39126593,"(60,80]",3,Moving
78.66444073,47.96798584,"(60,80]",3,Moving
0.300500835,61.67678831,"[0,20]",5,Moving
3.639398998,62.14011128,"[0,20]",5,Moving
7.045075125,63.05909745,"[0,20]",5,Moving
11.4524207,63.77264108,"[0,20]",5,Moving
14.52420701,62.01241216,"[0,20]",5,Moving
18.29716194,60.84831934,"[0,20]",5,Moving
21.16861436,60.99645094,"(20,40]",5,Moving
25.40901503,60.93357121,"(20,40]",5,Moving
28.78130217,58.67561406,"(20,40]",5,Moving
31.95325543,57.8791234,"(20,40]",5,Moving
35.29215359,59.59673523,"(20,40]",5,Moving
38.66444073,63.06597248,"(20,40]",5,Moving
42.93823038,64.34437968,"(40,60]",5,Moving
45.84307179,61.9502698,"(40,60]",5,Moving
49.58263773,62.75678837,"(40,60]",5,Moving
52.88814691,63.93005291,"(40,60]",5,Moving
55.85976628,64.2395326,"(40,60]",5,Moving
59.36560935,64.5698629,"(40,60]",5,Moving
63.60601002,65.34750441,"(60,80]",5,Moving
66.5442404,63.31240043,"(60,80]",5,Moving
70.31719533,63.58484984,"(60,80]",5,Moving
73.62270451,63.00411244,"(60,80]",5,Moving
77.0951586,63.53122655,"(60,80]",5,Moving
0.834724541,94.57967006,"[0,20]",6,Moving
2.470784641,96.1116585,"[0,20]",6,Moving
4.07345576,97.43954753,"[0,20]",6,Moving
5.642737896,97.69699607,"[0,20]",6,Moving
7.245409015,97.37697348,"[0,20]",6,Moving
8.881469115,96.68676169,"[0,20]",6,Moving
10.5509182,95.66896332,"[0,20]",6,Moving
12.15358932,94.09147126,"[0,20]",6,Moving
13.75626043,92.98194796,"[0,20]",6,Moving
15.42570952,91.48801379,"[0,20]",6,Moving
17.22871452,91.41879933,"[0,20]",6,Moving
18.96494157,91.2832598,"[0,20]",6,Moving
20.56761269,90.22254873,"(20,40]",6,Moving
22.27045075,91.74394966,"(20,40]",6,Moving
23.90651085,90.74330875,"(20,40]",6,Moving
25.47579299,91.09148642,"(20,40]",6,Moving
27.14524207,92.66650361,"(20,40]",6,Moving
28.81469115,91.77765267,"(20,40]",6,Moving
30.58430718,93.08172147,"(20,40]",6,Moving
32.45409015,93.37222879,"(20,40]",6,Moving
34.12353923,93.74005661,"(20,40]",6,Moving
35.89315526,94.71014419,"(20,40]",6,Moving
37.6293823,95.98576079,"(20,40]",6,Moving
39.39899833,97.10432474,"(20,40]",6,Moving
41.10183639,95.36356375,"(40,60]",6,Moving
42.70450751,95.1922077,"(40,60]",6,Moving
44.37395659,95.10506314,"(40,60]",6,Moving
46.11018364,95.66500267,"(40,60]",6,Moving
47.77963272,95.85651034,"(40,60]",6,Moving
49.48247078,95.70858831,"(40,60]",6,Moving
51.0851419,95.00675276,"(40,60]",6,Moving
52.75459098,95.49199517,"(40,60]",6,Moving
54.42404007,94.79481976,"(40,60]",6,Moving
55.9933222,95.03817518,"(40,60]",6,Moving
57.6293823,95.54545324,"(40,60]",6,Moving
59.16527546,94.31101746,"(40,60]",6,Moving
60.7345576,95.72110105,"(60,80]",6,Moving
62.43739566,97.05050745,"(60,80]",6,Moving
63.97328881,95.65530058,"(60,80]",6,Moving
65.50918197,94.04659317,"(60,80]",6,Moving
67.04507513,94.60598867,"(60,80]",6,Moving
68.58096828,94.77834096,"(60,80]",6,Moving
70.1836394,95.54166567,"(60,80]",6,Moving
71.88647746,96.12968412,"(60,80]",6,Moving
73.52253756,95.84192027,"(60,80]",6,Moving
75.05843072,93.78091238,"(60,80]",6,Moving
76.56093489,94.54652514,"(60,80]",6,Moving
78.09682805,96.61814979,"(60,80]",6,Moving
79.66611018,96.885162,"(60,80]",6,Moving
0.267111853,110.1347359,"[0,20]",7,Moving
1.6360601,111.9854061,"[0,20]",7,Moving
3.071786311,111.7017564,"[0,20]",7,Moving
4.540901503,111.8580627,"[0,20]",7,Moving
5.90984975,108.9448078,"[0,20]",7,Moving
7.278797997,107.6164771,"[0,20]",7,Moving
8.681135225,108.327042,"[0,20]",7,Moving
10.1836394,109.5710288,"[0,20]",7,Moving
11.58597663,109.5034974,"[0,20]",7,Moving
13.0884808,110.6320331,"[0,20]",7,Moving
14.42404007,109.4460686,"[0,20]",7,Moving
15.72621035,109.8456484,"[0,20]",7,Moving
17.16193656,111.9764963,"[0,20]",7,Moving
18.56427379,111.9411148,"[0,20]",7,Moving
20,113.527948,"[0,20]",7,Moving
21.40233723,112.9018154,"(20,40]",7,Moving
22.77128548,112.3789562,"(20,40]",7,Moving
24.1736227,112.4266508,"(20,40]",7,Moving
25.54257095,114.1484254,"(20,40]",7,Moving
27.04507513,115.5599147,"(20,40]",7,Moving
28.38063439,114.1021911,"(20,40]",7,Moving
29.68280467,113.4029088,"(20,40]",7,Moving
31.05175292,114.33669,"(20,40]",7,Moving
32.42070117,114.3497702,"(20,40]",7,Moving
33.78964942,114.2627844,"(20,40]",7,Moving
35.19198664,114.6986521,"(20,40]",7,Moving
36.56093489,115.5658485,"(20,40]",7,Moving
37.89649416,115.4626904,"(20,40]",7,Moving
39.23205342,115.2312689,"(20,40]",7,Moving
40.56761269,116.3262858,"(40,60]",7,Moving
41.96994992,116.7069593,"(40,60]",7,Moving
43.33889816,114.2579328,"(40,60]",7,Moving
44.67445743,113.8506807,"(40,60]",7,Moving
46.01001669,114.8392732,"(40,60]",7,Moving
47.41235392,116.1610031,"(40,60]",7,Moving
48.9148581,117.1741936,"(40,60]",7,Moving
50.35058431,116.6217738,"(40,60]",7,Moving
51.65275459,114.4305233,"(40,60]",7,Moving
53.02170284,114.2870173,"(40,60]",7,Moving
54.39065109,114.9955528,"(40,60]",7,Moving
55.72621035,114.868119,"(40,60]",7,Moving
57.06176962,115.8090438,"(40,60]",7,Moving
58.46410684,117.7302009,"(40,60]",7,Moving
59.86644407,119.4815132,"(40,60]",7,Moving
61.33555927,120.0131756,"(60,80]",7,Moving
62.70450751,118.0371888,"(60,80]",7,Moving
63.97328881,117.5883354,"(60,80]",7,Moving
65.2754591,117.5917051,"(60,80]",7,Moving
66.61101836,116.7631676,"(60,80]",7,Moving
67.94657763,117.9846807,"(60,80]",7,Moving
69.31552588,118.1020371,"(60,80]",7,Moving
70.75125209,119.4931969,"(60,80]",7,Moving
72.12020033,120.203484,"(60,80]",7,Moving
73.4557596,119.5106324,"(60,80]",7,Moving
74.75792988,119.2083119,"(60,80]",7,Moving
76.06010017,119.8271396,"(60,80]",7,Moving
77.39565943,120.7365567,"(60,80]",7,Moving
78.66444073,121.69328,"(60,80]",7,Moving
0.267111853,110.1347359,"[0,20]",8,Moving
1.6360601,111.9854061,"[0,20]",8,Moving
3.071786311,111.7017564,"[0,20]",8,Moving
4.540901503,111.8580627,"[0,20]",8,Moving
5.90984975,108.9448078,"[0,20]",8,Moving
7.278797997,107.6164771,"[0,20]",8,Moving
8.681135225,108.327042,"[0,20]",8,Moving
10.1836394,109.5710288,"[0,20]",8,Moving
11.58597663,109.5034974,"[0,20]",8,Moving
13.0884808,110.6320331,"[0,20]",8,Moving
14.42404007,109.4460686,"[0,20]",8,Moving
15.72621035,109.8456484,"[0,20]",8,Moving
17.16193656,111.9764963,"[0,20]",8,Moving
18.56427379,111.9411148,"[0,20]",8,Moving
20,113.527948,"[0,20]",8,Moving
21.40233723,112.9018154,"(20,40]",8,Moving
22.77128548,112.3789562,"(20,40]",8,Moving
24.1736227,112.4266508,"(20,40]",8,Moving
25.54257095,114.1484254,"(20,40]",8,Moving
27.04507513,115.5599147,"(20,40]",8,Moving
28.38063439,114.1021911,"(20,40]",8,Moving
29.68280467,113.4029088,"(20,40]",8,Moving
31.05175292,114.33669,"(20,40]",8,Moving
32.42070117,114.3497702,"(20,40]",8,Moving
33.78964942,114.2627844,"(20,40]",8,Moving
35.19198664,114.6986521,"(20,40]",8,Moving
36.56093489,115.5658485,"(20,40]",8,Moving
37.89649416,115.4626904,"(20,40]",8,Moving
39.23205342,115.2312689,"(20,40]",8,Moving
40.56761269,116.3262858,"(40,60]",8,Moving
41.96994992,116.7069593,"(40,60]",8,Moving
43.33889816,114.2579328,"(40,60]",8,Moving
44.67445743,113.8506807,"(40,60]",8,Moving
46.01001669,114.8392732,"(40,60]",8,Moving
47.41235392,116.1610031,"(40,60]",8,Moving
48.9148581,117.1741936,"(40,60]",8,Moving
50.35058431,116.6217738,"(40,60]",8,Moving
51.65275459,114.4305233,"(40,60]",8,Moving
53.02170284,114.2870173,"(40,60]",8,Moving
54.39065109,114.9955528,"(40,60]",8,Moving
55.72621035,114.868119,"(40,60]",8,Moving
57.06176962,115.8090438,"(40,60]",8,Moving
58.46410684,117.7302009,"(40,60]",8,Moving
59.86644407,119.4815132,"(40,60]",8,Moving
61.33555927,120.0131756,"(60,80]",8,Moving
62.70450751,118.0371888,"(60,80]",8,Moving
63.97328881,117.5883354,"(60,80]",8,Moving
65.2754591,117.5917051,"(60,80]",8,Moving
66.61101836,116.7631676,"(60,80]",8,Moving
67.94657763,117.9846807,"(60,80]",8,Moving
69.31552588,118.1020371,"(60,80]",8,Moving
70.75125209,119.4931969,"(60,80]",8,Moving
72.12020033,120.203484,"(60,80]",8,Moving
73.4557596,119.5106324,"(60,80]",8,Moving
74.75792988,119.2083119,"(60,80]",8,Moving
76.06010017,119.8271396,"(60,80]",8,Moving
77.39565943,120.7365567,"(60,80]",8,Moving
78.66444073,121.69328,"(60,80]",8,Moving
0.767946578,165.5813307,"[0,20]",11,Moving
2.136894825,164.0529293,"[0,20]",11,Moving
3.639398998,166.2369162,"[0,20]",11,Moving
4.974958264,162.7048289,"[0,20]",11,Moving
6.243739566,162.4264152,"[0,20]",11,Moving
7.579298831,162.9232836,"[0,20]",11,Moving
8.914858097,162.5257733,"[0,20]",11,Moving
10.35058431,163.8573291,"[0,20]",11,Moving
11.75292154,162.6026211,"[0,20]",11,Moving
13.05509182,160.8718099,"[0,20]",11,Moving
14.39065109,160.8186499,"[0,20]",11,Moving
15.72621035,161.4086386,"[0,20]",11,Moving
17.22871452,163.4309686,"[0,20]",11,Moving
18.66444073,164.6955607,"[0,20]",11,Moving
20,162.1011386,"[0,20]",11,Moving
21.2687813,161.6116847,"(20,40]",11,Moving
22.63772955,161.7269411,"(20,40]",11,Moving
23.97328881,161.6191801,"(20,40]",11,Moving
25.34223706,161.2972484,"(20,40]",11,Moving
26.74457429,160.2879957,"(20,40]",11,Moving
28.14691152,162.4058917,"(20,40]",11,Moving
29.68280467,163.6272386,"(20,40]",11,Moving
31.01836394,159.6851675,"(20,40]",11,Moving
32.42070117,160.7487903,"(20,40]",11,Moving
33.85642738,161.8017198,"(20,40]",11,Moving
35.29215359,161.4478412,"(20,40]",11,Moving
36.69449082,161.8341066,"(20,40]",11,Moving
38.19699499,164.553069,"(20,40]",11,Moving
39.66611018,162.6355434,"(20,40]",11,Moving
41.03505843,161.1035431,"(40,60]",11,Moving
42.47078464,161.2616663,"(40,60]",11,Moving
43.90651085,162.9852283,"(40,60]",11,Moving
45.40901503,164.639401,"(40,60]",11,Moving
46.9115192,166.0866845,"(40,60]",11,Moving
48.41402337,165.7666954,"(40,60]",11,Moving
49.91652755,164.860963,"(40,60]",11,Moving
51.38564274,164.6847057,"(40,60]",11,Moving
52.85475793,165.1590287,"(40,60]",11,Moving
54.3572621,165.6448341,"(40,60]",11,Moving
55.89315526,164.9895749,"(40,60]",11,Moving
57.42904841,165.9704352,"(40,60]",11,Moving
59.03171953,165.5564775,"(40,60]",11,Moving
60.40066778,162.6902466,"(60,80]",11,Moving
61.83639399,162.9599211,"(60,80]",11,Moving
63.33889816,163.6847587,"(60,80]",11,Moving
64.80801336,163.2198784,"(60,80]",11,Moving
66.27712855,161.6813624,"(60,80]",11,Moving
67.74624374,161.572307,"(60,80]",11,Moving
69.24874791,160.7038518,"(60,80]",11,Moving
70.75125209,162.5117069,"(60,80]",11,Moving
72.22036728,160.1674905,"(60,80]",11,Moving
73.72287145,160.5964307,"(60,80]",11,Moving
75.35893155,162.7784556,"(60,80]",11,Moving
76.96160267,163.5986095,"(60,80]",11,Moving
78.46410684,162.3733644,"(60,80]",11,Moving
0.20033389,105.5558524,"[0,20]",12,Moving
1.469115192,106.6360227,"[0,20]",12,Moving
2.771285476,106.9801312,"[0,20]",12,Moving
4.106844741,105.8489221,"[0,20]",12,Moving
5.475792988,106.1696535,"[0,20]",12,Moving
6.94490818,105.7764422,"[0,20]",12,Moving
8.514190317,107.3758118,"[0,20]",12,Moving
10.15025042,103.7796195,"[0,20]",12,Moving
11.51919866,104.8257575,"[0,20]",12,Moving
12.78797997,106.3553334,"[0,20]",12,Moving
14.1903172,105.1926279,"[0,20]",12,Moving
15.55926544,104.7959251,"[0,20]",12,Moving
16.92821369,104.0150248,"[0,20]",12,Moving
18.29716194,104.7640656,"[0,20]",12,Moving
19.69949917,102.5567675,"[0,20]",12,Moving
21.13522538,102.5453792,"(20,40]",12,Moving
22.83806344,102.6295466,"(20,40]",12,Moving
24.44073456,100.3050657,"(20,40]",12,Moving
25.70951586,102.0496067,"(20,40]",12,Moving
26.97829716,103.1307067,"(20,40]",12,Moving
28.31385643,103.428561,"(20,40]",12,Moving
29.64941569,103.1229188,"(20,40]",12,Moving
31.0851419,102.0114047,"(20,40]",12,Moving
32.52086811,101.2811894,"(20,40]",12,Moving
34.09015025,99.09775975,"(20,40]",12,Moving
35.59265442,100.990975,"(20,40]",12,Moving
37.0951586,102.5229474,"(20,40]",12,Moving
38.43071786,103.8583733,"(20,40]",12,Moving
39.83305509,104.0709666,"(20,40]",12,Moving
41.13522538,104.1910655,"(40,60]",12,Moving
42.50417362,104.9219765,"(40,60]",12,Moving
43.90651085,102.1888525,"(40,60]",12,Moving
45.37562604,103.0352984,"(40,60]",12,Moving
46.87813022,103.5484522,"(40,60]",12,Moving
48.74791319,102.4936279,"(40,60]",12,Moving
50.41736227,101.796552,"(40,60]",12,Moving
51.88647746,102.5044504,"(40,60]",12,Moving
53.22203673,103.3068411,"(40,60]",12,Moving
54.55759599,103.4872825,"(40,60]",12,Moving
56.02671119,102.5316089,"(40,60]",12,Moving
57.4624374,101.2773442,"(40,60]",12,Moving
58.93155259,100.4761951,"(40,60]",12,Moving
60.3672788,99.91997051,"(60,80]",12,Moving
61.76961603,98.90638991,"(60,80]",12,Moving
63.17195326,99.40447166,"(60,80]",12,Moving
64.57429048,99.45411494,"(60,80]",12,Moving
66.04340568,100.1799739,"(60,80]",12,Moving
67.54590985,98.32655999,"(60,80]",12,Moving
69.04841402,97.20512017,"(60,80]",12,Moving
70.68447412,96.80400666,"(60,80]",12,Moving
72.28714524,94.27319753,"(60,80]",12,Moving
73.65609349,96.3905398,"(60,80]",12,Moving
74.99165275,98.52901406,"(60,80]",12,Moving
76.360601,97.75095832,"(60,80]",12,Moving
77.69616027,96.23774853,"(60,80]",12,Moving
79.16527546,97.39877738,"(60,80]",12,Moving
1.335559265,121.4914404,"[0,20]",13,Moving
3.338898164,121.0576889,"[0,20]",13,Moving
4.741235392,119.9873431,"[0,20]",13,Moving
6.243739566,119.7881626,"[0,20]",13,Moving
7.54590985,118.9293328,"[0,20]",13,Moving
8.914858097,119.3002285,"[0,20]",13,Moving
10.45075125,118.7790963,"[0,20]",13,Moving
11.78631052,118.3512355,"[0,20]",13,Moving
13.55592654,119.7383361,"[0,20]",13,Moving
14.92487479,119.345615,"[0,20]",13,Moving
16.29382304,120.8865867,"[0,20]",13,Moving
17.69616027,121.0555922,"[0,20]",13,Moving
19.16527546,122.2412935,"[0,20]",13,Moving
20.96828047,118.7143702,"(20,40]",13,Moving
22.30383973,119.6373099,"(20,40]",13,Moving
23.639399,119.1555436,"(20,40]",13,Moving
25.04173623,119.6449695,"(20,40]",13,Moving
26.44407346,120.5921799,"(20,40]",13,Moving
27.77963272,121.4107139,"(20,40]",13,Moving
29.14858097,121.225112,"(20,40]",13,Moving
30.51752922,121.8086961,"(20,40]",13,Moving
31.95325543,121.9917618,"(20,40]",13,Moving
33.42237062,123.6320749,"(20,40]",13,Moving
34.85809683,123.5041348,"(20,40]",13,Moving
36.19365609,124.3091066,"(20,40]",13,Moving
37.52921536,124.6820329,"(20,40]",13,Moving
38.89816361,125.0986438,"(20,40]",13,Moving
40.10016694,126.2526287,"(40,60]",13,Moving
41.60267112,126.2230766,"(40,60]",13,Moving
43.03839733,122.737126,"(40,60]",13,Moving
44.37395659,121.2351305,"(40,60]",13,Moving
45.6427379,123.7859371,"(40,60]",13,Moving
46.87813022,125.4331804,"(40,60]",13,Moving
48.14691152,126.6617877,"(40,60]",13,Moving
49.48247078,127.2048383,"(40,60]",13,Moving
50.91819699,126.0195967,"(40,60]",13,Moving
52.1869783,127.8301594,"(40,60]",13,Moving
53.98998331,126.5817013,"(40,60]",13,Moving
55.42570952,123.8366303,"(40,60]",13,Moving
56.7278798,124.1922545,"(40,60]",13,Moving
57.96327212,124.1009175,"(40,60]",13,Moving
59.16527546,124.8897981,"(40,60]",13,Moving
60.43405676,125.8253603,"(60,80]",13,Moving
61.60267112,127.0172707,"(60,80]",13,Moving
62.97161937,128.8531929,"(60,80]",13,Moving
64.60767947,126.387159,"(60,80]",13,Moving
66.01001669,123.8408482,"(60,80]",13,Moving
67.278798,123.7549083,"(60,80]",13,Moving
68.58096828,124.9246028,"(60,80]",13,Moving
69.88313856,126.8590848,"(60,80]",13,Moving
71.41903172,125.2995923,"(60,80]",13,Moving
72.85475793,123.2823011,"(60,80]",13,Moving
74.09015025,124.9533828,"(60,80]",13,Moving
75.42570952,125.2705528,"(60,80]",13,Moving
76.69449082,125.6674696,"(60,80]",13,Moving
78.23038397,123.9629332,"(60,80]",13,Moving
79.59933222,124.2139152,"(60,80]",13,Moving
0.166944908,130.7621138,"[0,20]",19,Moving
1.669449082,128.0281611,"[0,20]",19,Moving
3.005008347,132.441848,"[0,20]",19,Moving
4.373956594,136.9131975,"[0,20]",19,Moving
5.843071786,137.3828447,"[0,20]",19,Moving
7.212020033,129.0212094,"[0,20]",19,Moving
8.647746244,128.284517,"[0,20]",19,Moving
9.983305509,128.782008,"[0,20]",19,Moving
11.38564274,131.9403759,"[0,20]",19,Moving
12.82136895,139.184829,"[0,20]",19,Moving
14.1903172,137.929162,"[0,20]",19,Moving
15.59265442,133.7150005,"[0,20]",19,Moving
16.96160267,132.210876,"[0,20]",19,Moving
18.39732888,131.825115,"[0,20]",19,Moving
19.73288815,135.9710447,"[0,20]",19,Moving
21.03505843,147.8060619,"(20,40]",19,Moving
22.5375626,147.9168893,"(20,40]",19,Moving
23.90651085,140.4306262,"(20,40]",19,Moving
25.34223706,141.5183418,"(20,40]",19,Moving
26.77796327,142.5844528,"(20,40]",19,Moving
28.1803005,143.300869,"(20,40]",19,Moving
29.58263773,146.4818182,"(20,40]",19,Moving
31.0851419,148.058443,"(20,40]",19,Moving
32.45409015,138.114372,"(20,40]",19,Moving
33.88981636,133.9104303,"(20,40]",19,Moving
35.29215359,127.4660054,"(20,40]",19,Moving
36.7278798,128.3253547,"(20,40]",19,Moving
38.13021703,129.2641005,"(20,40]",19,Moving
39.56594324,131.0584367,"(20,40]",19,Moving
40.93489149,134.3337137,"(40,60]",19,Moving
42.3706177,139.7502073,"(40,60]",19,Moving
43.77295492,135.6748996,"(40,60]",19,Moving
45.17529215,131.4808919,"(40,60]",19,Moving
46.61101836,129.9693063,"(40,60]",19,Moving
47.97996661,129.2938923,"(40,60]",19,Moving
49.41569282,132.2102484,"(40,60]",19,Moving
50.78464107,134.0932891,"(40,60]",19,Moving
52.1869783,139.1938306,"(40,60]",19,Moving
53.62270451,140.5481008,"(40,60]",19,Moving
55.05843072,134.130493,"(40,60]",19,Moving
56.46076795,131.9195912,"(40,60]",19,Moving
57.89649416,131.9771716,"(40,60]",19,Moving
59.29883139,134.0186425,"(40,60]",19,Moving
60.70116861,135.0515604,"(60,80]",19,Moving
62.10350584,135.3257491,"(60,80]",19,Moving
63.57262104,138.1044365,"(60,80]",19,Moving
65.10851419,134.8582938,"(60,80]",19,Moving
66.5442404,129.3298933,"(60,80]",19,Moving
68.01335559,125.6428061,"(60,80]",19,Moving
69.38230384,123.611211,"(60,80]",19,Moving
70.81803005,122.4176541,"(60,80]",19,Moving
72.25375626,125.3548619,"(60,80]",19,Moving
73.68948247,124.724351,"(60,80]",19,Moving
75.12520868,121.0811601,"(60,80]",19,Moving
76.56093489,120.5230832,"(60,80]",19,Moving
77.96327212,122.3855716,"(60,80]",19,Moving
79.39899833,123.2058392,"(60,80]",19,Moving
0.300500835,21.33682254,"[0,20]",20,Moving
1.669449082,19.47629479,"[0,20]",20,Moving
2.771285476,20.23989275,"[0,20]",20,Moving
4.507512521,20.28562542,"[0,20]",20,Moving
5.90984975,20.63110591,"[0,20]",20,Moving
7.34557596,19.89211178,"[0,20]",20,Moving
8.78130217,19.87125084,"[0,20]",20,Moving
10.21702838,19.46454456,"[0,20]",20,Moving
11.65275459,19.54394273,"[0,20]",20,Moving
13.15525876,18.74285904,"[0,20]",20,Moving
14.62437396,19.04855656,"[0,20]",20,Moving
16.12687813,19.07427623,"[0,20]",20,Moving
17.66277129,19.60483858,"[0,20]",20,Moving
19.13188648,19.22803565,"[0,20]",20,Moving
20.60100167,19.3073326,"(20,40]",20,Moving
22.10350584,19.64321682,"(20,40]",20,Moving
23.639399,19.58263761,"(20,40]",20,Moving
25.14190317,19.85676795,"(20,40]",20,Moving
26.61101836,19.69943162,"(20,40]",20,Moving
28.11352254,19.45283458,"(20,40]",20,Moving
29.61602671,19.93243941,"(20,40]",20,Moving
31.0851419,19.64650178,"(20,40]",20,Moving
32.58764608,19.02860313,"(20,40]",20,Moving
34.09015025,18.78763338,"(20,40]",20,Moving
35.59265442,18.8974703,"(20,40]",20,Moving
37.06176962,18.74650258,"(20,40]",20,Moving
38.56427379,18.66542379,"(20,40]",20,Moving
40,19.28336378,"(20,40]",20,Moving
41.53589316,19.66353553,"(40,60]",20,Moving
43.03839733,20.62170312,"(40,60]",20,Moving
44.27378965,24.91950361,"(40,60]",20,Moving
46.37729549,28.75110165,"(40,60]",20,Moving
47.87979967,24.74787986,"(40,60]",20,Moving
49.28213689,23.74951394,"(40,60]",20,Moving
50.71786311,23.75886054,"(40,60]",20,Moving
52.1869783,24.17501526,"(40,60]",20,Moving
53.62270451,24.02125591,"(40,60]",20,Moving
55.05843072,21.84810741,"(40,60]",20,Moving
56.56093489,22.70864594,"(40,60]",20,Moving
57.9966611,22.47394889,"(40,60]",20,Moving
59.46577629,22.90008059,"(40,60]",20,Moving
60.9015025,23.35318357,"(60,80]",20,Moving
62.3706177,23.38886187,"(60,80]",20,Moving
63.83973289,23.37631414,"(60,80]",20,Moving
65.30884808,23.70554663,"(60,80]",20,Moving
66.74457429,22.53574813,"(60,80]",20,Moving
68.38063439,23.77226577,"(60,80]",20,Moving
70.08347245,27.51236142,"(60,80]",20,Moving
71.61936561,24.67887336,"(60,80]",20,Moving
73.02170284,23.59668096,"(60,80]",20,Moving
73.95659432,23.50649189,"(60,80]",20,Moving
75.79298831,23.20112647,"(60,80]",20,Moving
77.16193656,21.6285241,"(60,80]",20,Moving
78.16360601,21.7800572,"(60,80]",20,Moving
80,22.69000568,"(60,80]",20,Moving
0.367278798,100.3314338,"[0,20]",21,Moving
1.469115192,101.4615397,"[0,20]",21,Moving
2.637729549,103.5147132,"[0,20]",21,Moving
3.839732888,102.518408,"[0,20]",21,Moving
5.075125209,100.8015782,"[0,20]",21,Moving
6.277128548,106.9078415,"[0,20]",21,Moving
7.612687813,108.5615272,"[0,20]",21,Moving
8.914858097,103.3584066,"[0,20]",21,Moving
10.11686144,99.87858574,"[0,20]",21,Moving
11.28547579,100.7585572,"[0,20]",21,Moving
12.45409015,102.7613033,"[0,20]",21,Moving
13.85642738,99.7780747,"[0,20]",21,Moving
15.0918197,100.8166215,"[0,20]",21,Moving
16.26043406,100.4525875,"[0,20]",21,Moving
17.29549249,102.1164188,"[0,20]",21,Moving
18.56427379,102.9106111,"[0,20]",21,Moving
19.76627713,102.7327969,"[0,20]",21,Moving
20.96828047,105.900527,"(20,40]",21,Moving
22.30383973,106.0751571,"(20,40]",21,Moving
23.50584307,102.9053379,"(20,40]",21,Moving
24.64106845,103.1998512,"(20,40]",21,Moving
25.77629382,104.696717,"(20,40]",21,Moving
26.9115192,103.9390321,"(20,40]",21,Moving
28.11352254,103.2968295,"(20,40]",21,Moving
29.38230384,105.8546603,"(20,40]",21,Moving
30.68447412,100.7796551,"(20,40]",21,Moving
31.95325543,97.94875939,"(20,40]",21,Moving
33.18864775,94.26890438,"(20,40]",21,Moving
34.3572621,90.86946234,"(20,40]",21,Moving
35.49248748,90.41644331,"(20,40]",21,Moving
36.62771285,90.27424078,"(20,40]",21,Moving
37.79632721,89.15831884,"(20,40]",21,Moving
38.99833055,89.65423378,"(20,40]",21,Moving
40.20033389,85.90374623,"(40,60]",21,Moving
41.30217028,90.89550232,"(40,60]",21,Moving
42.50417362,95.84697831,"(40,60]",21,Moving
43.639399,99.36016985,"(40,60]",21,Moving
44.80801336,102.2811115,"(40,60]",21,Moving
45.94323873,105.1995781,"(40,60]",21,Moving
47.14524207,107.567142,"(40,60]",21,Moving
48.31385643,108.3305166,"(40,60]",21,Moving
49.48247078,109.3377122,"(40,60]",21,Moving
50.65108514,109.4438183,"(40,60]",21,Moving
51.8196995,109.0721188,"(40,60]",21,Moving
52.95492487,109.8359602,"(40,60]",21,Moving
54.15692821,110.3015071,"(40,60]",21,Moving
55.32554257,110.2096323,"(40,60]",21,Moving
56.46076795,109.1758599,"(40,60]",21,Moving
57.59599332,109.6715437,"(40,60]",21,Moving
58.76460768,110.8233696,"(40,60]",21,Moving
59.89983306,111.6569932,"(40,60]",21,Moving
61.03505843,114.710327,"(60,80]",21,Moving
62.17028381,112.1124621,"(60,80]",21,Moving
63.33889816,111.7388346,"(60,80]",21,Moving
64.47412354,110.7028024,"(60,80]",21,Moving
65.67612688,110.9964405,"(60,80]",21,Moving
66.81135225,111.6092713,"(60,80]",21,Moving
67.94657763,113.3732462,"(60,80]",21,Moving
69.08180301,112.7986991,"(60,80]",21,Moving
70.25041736,111.8286645,"(60,80]",21,Moving
71.4524207,102.690532,"(60,80]",21,Moving
72.58764608,90.10591514,"(60,80]",21,Moving
73.75626043,85.54312124,"(60,80]",21,Moving
74.92487479,90.07222405,"(60,80]",21,Moving
76.06010017,85.67267696,"(60,80]",21,Moving
77.19532554,83.84202752,"(60,80]",21,Moving
78.3639399,85.59516985,"(60,80]",21,Moving
79.53255426,83.15911851,"(60,80]",21,Moving
1.001669449,55.13216645,"[0,20]",25,Moving
2.203672788,55.47995842,"[0,20]",25,Moving
3.2721202,49.97617821,"[0,20]",25,Moving
4.373956594,50.25440533,"[0,20]",25,Moving
5.50918197,51.04034986,"[0,20]",25,Moving
6.611018364,50.29515476,"[0,20]",25,Moving
7.74624374,48.68350608,"[0,20]",25,Moving
8.881469115,47.28389612,"[0,20]",25,Moving
10.05008347,46.6404574,"[0,20]",25,Moving
11.18530885,46.38303951,"[0,20]",25,Moving
12.38731219,48.16071548,"[0,20]",25,Moving
13.55592654,48.95768586,"[0,20]",25,Moving
14.7245409,48.9623404,"[0,20]",25,Moving
15.89315526,49.11330415,"[0,20]",25,Moving
17.12854758,50.09702712,"[0,20]",25,Moving
18.29716194,51.5650632,"[0,20]",25,Moving
19.46577629,51.09220137,"[0,20]",25,Moving
20.56761269,49.69382835,"(20,40]",25,Moving
21.76961603,51.35130785,"(20,40]",25,Moving
22.97161937,53.6527346,"(20,40]",25,Moving
24.14023372,53.64437471,"(20,40]",25,Moving
25.37562604,53.16438601,"(20,40]",25,Moving
26.44407346,48.3809336,"(20,40]",25,Moving
27.57929883,49.47174166,"(20,40]",25,Moving
28.71452421,50.28702625,"(20,40]",25,Moving
29.84974958,51.57368193,"(20,40]",25,Moving
30.98497496,49.21624601,"(20,40]",25,Moving
32.12020033,47.05425177,"(20,40]",25,Moving
33.25542571,47.86897058,"(20,40]",25,Moving
34.42404007,50.08440263,"(20,40]",25,Moving
35.55926544,50.19062062,"(20,40]",25,Moving
36.7278798,50.67054406,"(20,40]",25,Moving
37.86310518,50.33327413,"(20,40]",25,Moving
39.03171953,50.57743452,"(20,40]",25,Moving
40.20033389,50.61139773,"(40,60]",25,Moving
41.36894825,49.91630878,"(40,60]",25,Moving
42.57095159,49.80198168,"(40,60]",25,Moving
43.73956594,51.12823565,"(40,60]",25,Moving
44.94156928,54.04396199,"(40,60]",25,Moving
46.1769616,55.8339952,"(40,60]",25,Moving
47.4457429,54.71643968,"(40,60]",25,Moving
48.61435726,53.53302116,"(40,60]",25,Moving
49.71619366,48.45117558,"(40,60]",25,Moving
50.78464107,49.75393023,"(40,60]",25,Moving
51.95325543,52.26776738,"(40,60]",25,Moving
53.12186978,52.08668049,"(40,60]",25,Moving
54.25709516,48.67649265,"(40,60]",25,Moving
55.39232053,47.290399,"(40,60]",25,Moving
56.56093489,48.33608039,"(40,60]",25,Moving
57.69616027,49.36958278,"(40,60]",25,Moving
58.83138564,49.87860973,"(40,60]",25,Moving
59.93322204,48.89015066,"(40,60]",25,Moving
61.06844741,49.47519474,"(60,80]",25,Moving
62.20367279,50.61357315,"(60,80]",25,Moving
63.37228715,51.19377181,"(60,80]",25,Moving
64.5409015,51.78401529,"(60,80]",25,Moving
65.70951586,51.2522636,"(60,80]",25,Moving
66.9115192,52.75382012,"(60,80]",25,Moving
68.11352254,54.37438824,"(60,80]",25,Moving
69.31552588,55.1720685,"(60,80]",25,Moving
70.48414023,51.23112307,"(60,80]",25,Moving
71.58597663,49.71061036,"(60,80]",25,Moving
72.721202,49.680397,"(60,80]",25,Moving
73.92320534,51.70499707,"(60,80]",25,Moving
75.02504174,50.85363238,"(60,80]",25,Moving
76.19365609,50.88076575,"(60,80]",25,Moving
77.32888147,50.45645407,"(60,80]",25,Moving
78.49749583,50.8105402,"(60,80]",25,Moving
79.66611018,52.20060155,"(60,80]",25,Moving
0.934891486,116.2773434,"[0,20]",26,Moving
2.203672788,115.296463,"[0,20]",26,Moving
3.405676127,117.40841,"[0,20]",26,Moving
4.607679466,129.6247458,"[0,20]",26,Moving
5.876460768,124.1214875,"[0,20]",26,Moving
7.14524207,119.1100847,"[0,20]",26,Moving
8.414023372,120.1196654,"[0,20]",26,Moving
9.682804674,120.0652259,"[0,20]",26,Moving
10.91819699,127.1714234,"[0,20]",26,Moving
12.15358932,120.3044583,"[0,20]",26,Moving
13.42237062,117.0988154,"[0,20]",26,Moving
14.65776294,122.274744,"[0,20]",26,Moving
15.89315526,120.2520513,"[0,20]",26,Moving
17.19532554,118.5919375,"[0,20]",26,Moving
18.49749583,121.1940201,"[0,20]",26,Moving
19.73288815,122.0935984,"[0,20]",26,Moving
20.96828047,121.6052296,"(20,40]",26,Moving
22.23706177,122.8694804,"(20,40]",26,Moving
23.53923205,122.0970482,"(20,40]",26,Moving
24.84140234,122.6894107,"(20,40]",26,Moving
26.11018364,120.2123558,"(20,40]",26,Moving
27.37896494,118.8207931,"(20,40]",26,Moving
28.68113523,118.6744117,"(20,40]",26,Moving
29.94991653,120.8190022,"(20,40]",26,Moving
31.21869783,121.7096847,"(20,40]",26,Moving
32.5542571,119.344469,"(20,40]",26,Moving
33.88981636,118.9203156,"(20,40]",26,Moving
35.19198664,118.9791639,"(20,40]",26,Moving
36.49415693,119.0624451,"(20,40]",26,Moving
37.79632721,118.7822379,"(20,40]",26,Moving
39.06510851,119.4507266,"(20,40]",26,Moving
40.30050083,120.6489336,"(40,60]",26,Moving
41.60267112,119.3518137,"(40,60]",26,Moving
42.87145242,119.9396413,"(40,60]",26,Moving
44.1736227,121.1034946,"(40,60]",26,Moving
45.50918197,118.9210568,"(40,60]",26,Moving
46.81135225,117.8360633,"(40,60]",26,Moving
48.11352254,119.5481838,"(40,60]",26,Moving
49.41569282,117.7941906,"(40,60]",26,Moving
50.71786311,115.677811,"(40,60]",26,Moving
51.98664441,118.7266335,"(40,60]",26,Moving
53.25542571,119.0321621,"(40,60]",26,Moving
54.52420701,117.1287119,"(40,60]",26,Moving
55.8263773,115.5963073,"(40,60]",26,Moving
57.19532554,115.3106633,"(40,60]",26,Moving
58.53088481,113.7937996,"(40,60]",26,Moving
59.89983306,112.7366048,"(40,60]",26,Moving
61.16861436,105.5423328,"(60,80]",26,Moving
62.47078464,107.951249,"(60,80]",26,Moving
63.80634391,113.7712262,"(60,80]",26,Moving
65.07512521,109.0821679,"(60,80]",26,Moving
66.34390651,110.6358332,"(60,80]",26,Moving
67.64607679,114.6897189,"(60,80]",26,Moving
68.94824708,114.1552499,"(60,80]",26,Moving
70.25041736,113.0492732,"(60,80]",26,Moving
71.51919866,111.57504,"(60,80]",26,Moving
72.78797997,116.3592367,"(60,80]",26,Moving
74.02337229,114.1099076,"(60,80]",26,Moving
75.29215359,113.6972191,"(60,80]",26,Moving
76.59432387,116.3976501,"(60,80]",26,Moving
77.86310518,113.5863775,"(60,80]",26,Moving
79.13188648,114.9602868,"(60,80]",26,Moving
0.434056761,68.08628972,"[0,20]",27,Moving
1.803005008,67.79629698,"[0,20]",27,Moving
3.171953255,67.36793567,"[0,20]",27,Moving
4.540901503,67.33800403,"[0,20]",27,Moving
5.90984975,68.55591717,"[0,20]",27,Moving
7.412353923,65.55815549,"[0,20]",27,Moving
8.747913189,63.85876362,"[0,20]",27,Moving
10.15025042,64.37755602,"[0,20]",27,Moving
11.58597663,64.73891521,"[0,20]",27,Moving
13.05509182,64.27543458,"[0,20]",27,Moving
14.52420701,65.11065661,"[0,20]",27,Moving
15.92654424,65.86978507,"[0,20]",27,Moving
17.32888147,64.90938734,"[0,20]",27,Moving
18.7312187,64.96652367,"[0,20]",27,Moving
20.06677796,64.5314047,"(20,40]",27,Moving
21.46911519,63.79274333,"(20,40]",27,Moving
22.87145242,63.72048469,"(20,40]",27,Moving
24.27378965,64.42569012,"(20,40]",27,Moving
25.74290484,64.75002985,"(20,40]",27,Moving
27.21202003,64.23649415,"(20,40]",27,Moving
28.68113523,63.9395933,"(20,40]",27,Moving
30.08347245,64.52964958,"(20,40]",27,Moving
31.48580968,63.94051901,"(20,40]",27,Moving
32.92153589,64.205862,"(20,40]",27,Moving
34.39065109,63.1929305,"(20,40]",27,Moving
35.79298831,63.39032157,"(20,40]",27,Moving
37.26210351,64.57529662,"(20,40]",27,Moving
38.7312187,64.2441983,"(20,40]",27,Moving
40.10016694,63.32605754,"(40,60]",27,Moving
41.50250417,62.32026987,"(40,60]",27,Moving
42.93823038,63.14502949,"(40,60]",27,Moving
44.34056761,62.82007436,"(40,60]",27,Moving
45.8096828,62.7580749,"(40,60]",27,Moving
47.278798,61.9952708,"(40,60]",27,Moving
48.71452421,61.90324001,"(40,60]",27,Moving
50.11686144,61.07562269,"(40,60]",27,Moving
51.55258765,60.71084871,"(40,60]",27,Moving
52.98831386,58.93384648,"(40,60]",27,Moving
54.39065109,57.6836636,"(40,60]",27,Moving
55.79298831,55.77135346,"(40,60]",27,Moving
57.19532554,54.47277188,"(40,60]",27,Moving
58.63105175,54.33207193,"(40,60]",27,Moving
60,53.79409592,"(40,60]",27,Moving
61.40233723,54.29364141,"(60,80]",27,Moving
62.9048414,56.88883122,"(60,80]",27,Moving
64.34056761,57.23368133,"(60,80]",27,Moving
65.70951586,56.55901709,"(60,80]",27,Moving
67.14524207,66.99306613,"(60,80]",27,Moving
68.58096828,67.09070122,"(60,80]",27,Moving
69.98330551,67.21365707,"(60,80]",27,Moving
71.35225376,66.38512777,"(60,80]",27,Moving
72.721202,65.91915666,"(60,80]",27,Moving
74.12353923,67.07864295,"(60,80]",27,Moving
75.62604341,68.355191,"(60,80]",27,Moving
77.06176962,67.5552573,"(60,80]",27,Moving
78.46410684,68.02751141,"(60,80]",27,Moving
79.89983306,66.98091367,"(60,80]",27,Moving
0.868113523,41.2200641,"[0,20]",28,Moving
2.03672788,35.65515342,"[0,20]",28,Moving
3.2721202,35.16070661,"[0,20]",28,Moving
4.474123539,35.92350655,"[0,20]",28,Moving
5.676126878,36.89470685,"[0,20]",28,Moving
6.878130217,35.54108219,"[0,20]",28,Moving
8.080133556,35.54309822,"[0,20]",28,Moving
9.282136895,36.95304131,"[0,20]",28,Moving
10.45075125,36.28171781,"[0,20]",28,Moving
11.65275459,33.82628889,"[0,20]",28,Moving
12.82136895,33.78774646,"[0,20]",28,Moving
14.02337229,35.00613207,"[0,20]",28,Moving
15.22537563,35.74501396,"[0,20]",28,Moving
16.39398998,34.84290375,"[0,20]",28,Moving
17.59599332,34.05398807,"[0,20]",28,Moving
18.79799666,33.77211291,"[0,20]",28,Moving
20,35.79307929,"[0,20]",28,Moving
21.16861436,35.31664854,"(20,40]",28,Moving
22.3706177,35.02692084,"(20,40]",28,Moving
23.57262104,35.51754419,"(20,40]",28,Moving
24.77462437,36.52024548,"(20,40]",28,Moving
25.97662771,36.36099624,"(20,40]",28,Moving
27.17863105,34.9579345,"(20,40]",28,Moving
28.41402337,36.02916039,"(20,40]",28,Moving
29.61602671,35.99944148,"(20,40]",28,Moving
30.78464107,36.12588396,"(20,40]",28,Moving
32.02003339,36.63337871,"(20,40]",28,Moving
33.22203673,35.86149042,"(20,40]",28,Moving
34.45742905,36.0537957,"(20,40]",28,Moving
35.65943239,35.87444448,"(20,40]",28,Moving
36.89482471,35.33849805,"(20,40]",28,Moving
38.09682805,35.14057478,"(20,40]",28,Moving
39.29883139,34.98820043,"(20,40]",28,Moving
40.46744574,35.53844598,"(40,60]",28,Moving
41.66944908,35.50118298,"(40,60]",28,Moving
42.9048414,36.27242729,"(40,60]",28,Moving
44.10684474,36.90924125,"(40,60]",28,Moving
45.30884808,36.03268999,"(40,60]",28,Moving
46.5442404,35.71997041,"(40,60]",28,Moving
47.77963272,35.68109019,"(40,60]",28,Moving
48.98163606,34.6404713,"(40,60]",28,Moving
50.21702838,34.94308342,"(40,60]",28,Moving
51.4524207,35.13852897,"(40,60]",28,Moving
52.68781302,35.84001599,"(40,60]",28,Moving
53.92320534,36.47574326,"(40,60]",28,Moving
55.12520868,36.66104598,"(40,60]",28,Moving
56.39398998,36.67751538,"(40,60]",28,Moving
57.6293823,36.82577425,"(40,60]",28,Moving
58.86477462,36.95297405,"(40,60]",28,Moving
60.06677796,37.08750875,"(60,80]",28,Moving
61.2687813,36.65294829,"(60,80]",28,Moving
62.5375626,36.05410032,"(60,80]",28,Moving
63.77295492,36.13198681,"(60,80]",28,Moving
64.97495826,35.73925864,"(60,80]",28,Moving
66.21035058,35.17115426,"(60,80]",28,Moving
67.4457429,35.42238198,"(60,80]",28,Moving
68.64774624,35.43483675,"(60,80]",28,Moving
69.88313856,35.64839364,"(60,80]",28,Moving
71.11853088,36.15820706,"(60,80]",28,Moving
72.32053422,36.57760386,"(60,80]",28,Moving
73.62270451,29.56444564,"(60,80]",28,Moving
74.82470785,28.16914719,"(60,80]",28,Moving
76.06010017,28.27531897,"(60,80]",28,Moving
77.29549249,28.49844078,"(60,80]",28,Moving
78.49749583,28.14416562,"(60,80]",28,Moving
79.79966611,27.54921679,"(60,80]",28,Moving
0.834724541,145.2453549,"[0,20]",30,Moving
2.070116861,146.7583734,"[0,20]",30,Moving
3.338898164,148.0992481,"[0,20]",30,Moving
4.641068447,148.7618231,"[0,20]",30,Moving
5.90984975,146.527322,"[0,20]",30,Moving
7.14524207,144.9758529,"[0,20]",30,Moving
8.414023372,145.942008,"[0,20]",30,Moving
9.716193656,146.0986834,"[0,20]",30,Moving
10.95158598,139.1714806,"[0,20]",30,Moving
12.15358932,137.8583406,"[0,20]",30,Moving
13.35559265,138.866766,"[0,20]",30,Moving
14.55759599,138.6591789,"[0,20]",30,Moving
15.79298831,139.7905928,"[0,20]",30,Moving
16.99499165,137.6371111,"[0,20]",30,Moving
18.23038397,139.6553287,"[0,20]",30,Moving
19.46577629,140.4212069,"[0,20]",30,Moving
20.63439065,139.8921858,"(20,40]",30,Moving
21.96994992,143.1711421,"(20,40]",30,Moving
23.17195326,139.6046706,"(20,40]",30,Moving
24.34056761,140.0371978,"(20,40]",30,Moving
25.54257095,138.0257385,"(20,40]",30,Moving
26.77796327,139.6535589,"(20,40]",30,Moving
27.97996661,137.8248124,"(20,40]",30,Moving
29.24874791,140.6268291,"(20,40]",30,Moving
30.48414023,138.1228637,"(20,40]",30,Moving
31.68614357,138.7308314,"(20,40]",30,Moving
32.88814691,138.9259931,"(20,40]",30,Moving
34.09015025,139.5011483,"(20,40]",30,Moving
35.29215359,138.9145372,"(20,40]",30,Moving
36.49415693,139.6025276,"(20,40]",30,Moving
37.76293823,143.0485295,"(20,40]",30,Moving
39.03171953,143.6485256,"(20,40]",30,Moving
40.26711185,144.1046547,"(40,60]",30,Moving
41.46911519,140.4008065,"(40,60]",30,Moving
42.70450751,140.6696586,"(40,60]",30,Moving
43.90651085,140.0594737,"(40,60]",30,Moving
45.10851419,139.3093519,"(40,60]",30,Moving
46.34390651,140.3517797,"(40,60]",30,Moving
47.57929883,140.2955117,"(40,60]",30,Moving
48.78130217,140.3897238,"(40,60]",30,Moving
49.98330551,141.0387427,"(40,60]",30,Moving
51.18530885,139.3781291,"(40,60]",30,Moving
52.42070117,139.2649999,"(40,60]",30,Moving
53.65609349,140.378362,"(40,60]",30,Moving
54.92487479,142.1696559,"(40,60]",30,Moving
56.12687813,139.7002697,"(40,60]",30,Moving
57.29549249,138.8028345,"(40,60]",30,Moving
58.49749583,139.863809,"(40,60]",30,Moving
59.73288815,142.2441086,"(40,60]",30,Moving
60.9015025,142.9804162,"(60,80]",30,Moving
62.13689482,143.0800728,"(60,80]",30,Moving
63.37228715,141.4182006,"(60,80]",30,Moving
64.60767947,142.3438849,"(60,80]",30,Moving
65.84307179,143.8683044,"(60,80]",30,Moving
67.04507513,142.4299241,"(60,80]",30,Moving
68.28046745,140.5592654,"(60,80]",30,Moving
69.48247078,142.8485394,"(60,80]",30,Moving
70.75125209,140.8546327,"(60,80]",30,Moving
71.95325543,142.2750089,"(60,80]",30,Moving
73.15525876,140.9633498,"(60,80]",30,Moving
74.42404007,141.6097673,"(60,80]",30,Moving
75.65943239,140.8161618,"(60,80]",30,Moving
76.89482471,141.4985725,"(60,80]",30,Moving
78.13021703,142.2225359,"(60,80]",30,Moving
79.36560935,143.2512774,"(60,80]",30,Moving
0.534223706,138.7042231,"[0,20]",32,Moving
1.936560935,136.3361109,"[0,20]",32,Moving
3.439065109,141.3928986,"[0,20]",32,Moving
4.774624374,125.161716,"[0,20]",32,Moving
6.176961603,129.5829893,"[0,20]",32,Moving
7.54590985,127.7067906,"[0,20]",32,Moving
8.98163606,129.983409,"[0,20]",32,Moving
10.38397329,122.7802565,"[0,20]",32,Moving
11.75292154,123.2391737,"[0,20]",32,Moving
13.12186978,124.3396033,"[0,20]",32,Moving
14.59098497,127.498802,"[0,20]",32,Moving
16.02671119,126.5979676,"[0,20]",32,Moving
17.39565943,124.985389,"[0,20]",32,Moving
18.76460768,130.111628,"[0,20]",32,Moving
20.13355593,125.8627673,"(20,40]",32,Moving
21.60267112,124.6171753,"(20,40]",32,Moving
23.03839733,124.0893769,"(20,40]",32,Moving
24.44073456,124.0888243,"(20,40]",32,Moving
25.87646077,122.6633313,"(20,40]",32,Moving
27.37896494,126.2388529,"(20,40]",32,Moving
28.84808013,126.0272794,"(20,40]",32,Moving
30.25041736,127.2678704,"(20,40]",32,Moving
31.68614357,126.0480417,"(20,40]",32,Moving
33.15525876,124.5648985,"(20,40]",32,Moving
34.55759599,123.0819184,"(20,40]",32,Moving
35.95993322,125.016913,"(20,40]",32,Moving
37.36227045,124.725989,"(20,40]",32,Moving
38.79799666,123.5052763,"(20,40]",32,Moving
40.23372287,125.5781873,"(40,60]",32,Moving
41.70283806,123.0816223,"(40,60]",32,Moving
43.13856427,121.5009366,"(40,60]",32,Moving
44.50751252,123.1132213,"(40,60]",32,Moving
45.94323873,123.9231858,"(40,60]",32,Moving
47.41235392,123.0147533,"(40,60]",32,Moving
48.88146912,124.1451103,"(40,60]",32,Moving
50.38397329,126.5497343,"(40,60]",32,Moving
51.78631052,118.8786922,"(40,60]",32,Moving
53.15525876,120.4636572,"(40,60]",32,Moving
54.59098497,123.1462595,"(40,60]",32,Moving
56.02671119,123.977125,"(40,60]",32,Moving
57.42904841,123.9685667,"(40,60]",32,Moving
58.86477462,120.0283222,"(40,60]",32,Moving
60.13355593,117.0513357,"(60,80]",32,Moving
61.43572621,120.0515891,"(60,80]",32,Moving
62.83806344,122.8152257,"(60,80]",32,Moving
64.24040067,122.5678174,"(60,80]",32,Moving
65.67612688,111.9798448,"(60,80]",32,Moving
66.97829716,110.0111737,"(60,80]",32,Moving
68.28046745,120.2298848,"(60,80]",32,Moving
69.61602671,122.7955642,"(60,80]",32,Moving
71.01836394,122.1494178,"(60,80]",32,Moving
72.42070117,110.4597695,"(60,80]",32,Moving
73.75626043,118.1470649,"(60,80]",32,Moving
75.05843072,122.574098,"(60,80]",32,Moving
76.39398998,122.9452174,"(60,80]",32,Moving
77.79632721,123.8527784,"(60,80]",32,Moving
79.23205342,126.7554292,"(60,80]",32,Moving
1.068447412,48.77910805,"[0,20]",3,Moving
2.904841402,50.17623415,"[0,20]",3,Moving
5.843071786,37.51245074,"[0,20]",3,Moving
6.644407346,34.81830378,"[0,20]",3,Moving
8.547579299,36.91464544,"[0,20]",3,Moving
10.41736227,37.84796125,"[0,20]",3,Moving
12.22036728,38.20777891,"[0,20]",3,Moving
14.12353923,41.94593433,"[0,20]",3,Moving
15.9933222,42.87929605,"[0,20]",3,Moving
17.86310518,42.07355392,"[0,20]",3,Moving
19.69949917,42.06220923,"[0,20]",3,Moving
21.46911519,43.88691458,"(20,40]",3,Moving
23.30550918,42.96062505,"(20,40]",3,Moving
25.07512521,42.85918824,"(20,40]",3,Moving
26.87813022,43.52944634,"(20,40]",3,Moving
28.64774624,43.36131558,"(20,40]",3,Moving
30.38397329,41.58854273,"(20,40]",3,Moving
32.1869783,43.15598747,"(20,40]",3,Moving
34.05676127,43.64437718,"(20,40]",3,Moving
35.8263773,42.96362639,"(20,40]",3,Moving
37.59599332,42.45387966,"(20,40]",3,Moving
39.36560935,42.70521529,"(20,40]",3,Moving
41.10183639,42.39910648,"(40,60]",3,Moving
42.9048414,43.15034809,"(40,60]",3,Moving
44.70784641,42.3847319,"(40,60]",3,Moving
46.57762938,44.64822879,"(40,60]",3,Moving
48.41402337,44.98556115,"(40,60]",3,Moving
50.1836394,45.56739064,"(40,60]",3,Moving
52.05342237,45.49871394,"(40,60]",3,Moving
53.88981636,43.52907503,"(40,60]",3,Moving
55.65943239,42.26548926,"(40,60]",3,Moving
57.4624374,45.65101363,"(40,60]",3,Moving
59.2654424,47.2025334,"(40,60]",3,Moving
61.03505843,45.39436702,"(60,80]",3,Moving
62.77128548,44.52895979,"(60,80]",3,Moving
64.5409015,45.52201599,"(60,80]",3,Moving
66.34390651,46.14803468,"(60,80]",3,Moving
68.11352254,45.01314983,"(60,80]",3,Moving
69.84974958,45.76900933,"(60,80]",3,Moving
71.58597663,44.90346447,"(60,80]",3,Moving
73.32220367,47.1396654,"(60,80]",3,Moving
75.0918197,47.45354736,"(60,80]",3,Moving
76.86143573,48.39126593,"(60,80]",3,Moving
78.66444073,47.96798584,"(60,80]",3,Moving
0.734557596,117.0918659,"[0,20]",10,Moving
2.604340568,116.0322296,"[0,20]",10,Moving
4.674457429,117.9015867,"[0,20]",10,Moving
6.544240401,117.8865251,"[0,20]",10,Moving
8.447412354,117.9602471,"[0,20]",10,Moving
10.41736227,117.5980874,"[0,20]",10,Moving
12.32053422,117.9565739,"[0,20]",10,Moving
14.22370618,116.5878986,"[0,20]",10,Moving
16.26043406,116.9446364,"[0,20]",10,Moving
18.06343907,115.7763202,"[0,20]",10,Moving
19.93322204,115.7163804,"[0,20]",10,Moving
21.76961603,116.2825607,"(20,40]",10,Moving
23.73956594,117.1257166,"(20,40]",10,Moving
25.74290484,117.67388,"(20,40]",10,Moving
27.84641068,115.9142152,"(20,40]",10,Moving
29.78297162,114.4546104,"(20,40]",10,Moving
31.8196995,112.5903771,"(20,40]",10,Moving
33.85642738,113.5608982,"(20,40]",10,Moving
35.75959933,112.3945051,"(20,40]",10,Moving
37.69616027,112.6145647,"(20,40]",10,Moving
39.73288815,114.0032388,"(20,40]",10,Moving
41.56928214,113.862847,"(40,60]",10,Moving
43.40567613,112.9625331,"(40,60]",10,Moving
45.44240401,110.5711038,"(40,60]",10,Moving
47.17863105,106.1107617,"(40,60]",10,Moving
48.94824708,106.5080839,"(40,60]",10,Moving
50.15025042,107.8591839,"(40,60]",10,Moving
52.32053422,107.4694437,"(40,60]",10,Moving
53.72287145,108.7377022,"(40,60]",10,Moving
55.49248748,110.813407,"(40,60]",10,Moving
57.89649416,112.5068833,"(40,60]",10,Moving
59.86644407,107.0649977,"(40,60]",10,Moving
62.03672788,105.9313878,"(60,80]",10,Moving
64.10684474,103.8625952,"(60,80]",10,Moving
66.01001669,99.92922885,"(60,80]",10,Moving
68.01335559,87.08790012,"(60,80]",10,Moving
69.94991653,97.75960297,"(60,80]",10,Moving
72.15358932,103.8343995,"(60,80]",10,Moving
73.85642738,103.6767746,"(60,80]",10,Moving
75.22537563,100.4372348,"(60,80]",10,Moving
77.06176962,96.73767783,"(60,80]",10,Moving
79.0984975,88.73843262,"(60,80]",10,Moving
